STATE/UT,Year,TYPE,0-3 hrs. (Night),3-6 hrs. (Night),6-9 hrs (Day),9-12 hrs (Day),12-15 hrs (Day),15-18 hrs (Day),18-21 hrs (Night),21-24 hrs (Night),Total
Andhra Pradesh,2001,Road Accidents,2239,3265,3198,3729,3604,3792,4098,3263,27188
Andhra Pradesh,2001,Rail-Road Accidents,102,76,63,76,49,151,70,36,623
Andhra Pradesh,2001,Other Railway Accidents,92,93,108,119,92,83,46,41,674
Andhra Pradesh,2002,Road Accidents,2931,3857,3671,4255,4153,4778,4844,4088,32577
Andhra Pradesh,2002,Rail-Road Accidents,1,0,2,0,0,1,0,0,4
Andhra Pradesh,2002,Other Railway Accidents,101,151,279,257,142,82,105,68,1185
Andhra Pradesh,2003,Road Accidents,3158,4865,3749,4319,4266,4853,5218,4109,34537
Andhra Pradesh,2003,Rail-Road Accidents,19,36,72,55,42,22,18,27,291
Andhra Pradesh,2003,Other Railway Accidents,33,48,91,94,98,52,40,34,490
Andhra Pradesh,2004,Road Accidents,3191,4770,4598,5030,4033,4971,6031,4454,37078
Andhra Pradesh,2004,Rail-Road Accidents,16,13,15,14,19,16,13,13,119
Andhra Pradesh,2004,Other Railway Accidents,68,113,166,118,109,129,144,145,992
Andhra Pradesh,2005,Road Accidents,3826,6011,5002,4137,4261,4524,5096,4432,37289
Andhra Pradesh,2005,Rail-Road Accidents,0,0,1,1,0,0,1,3,6
Andhra Pradesh,2005,Other Railway Accidents,287,233,89,105,117,131,206,222,1390
Andhra Pradesh,2006,Road Accidents,3635,5525,4270,5108,4918,6101,6757,5009,41323
Andhra Pradesh,2006,Rail-Road Accidents,0,0,0,0,0,0,0,0,0
Andhra Pradesh,2006,Other Railway Accidents,164,223,299,318,268,271,201,214,1958
Andhra Pradesh,2007,Road Accidents,4054,4890,4748,5826,5547,6236,6719,5574,43594
Andhra Pradesh,2007,Rail-Road Accidents,0,0,0,0,1,2,0,0,3
Andhra Pradesh,2007,Other Railway Accidents,171,229,331,334,270,296,212,231,2074
Andhra Pradesh,2008,Road Accidents,4051,4492,4532,5558,5620,6045,6453,5355,42106
Andhra Pradesh,2008,Rail-Road Accidents,0,1,1,2,4,0,2,1,11
Andhra Pradesh,2008,Other Railway Accidents,170,275,320,298,273,229,214,166,1945
Andhra Pradesh,2009,Road Accidents,3718,4433,4569,5332,5320,6154,6302,6183,42011
Andhra Pradesh,2009,Rail-Road Accidents,1,0,1,0,0,1,1,0,4
Andhra Pradesh,2009,Other Railway Accidents,61,77,306,431,224,124,102,77,1402
Andhra Pradesh,2010,Road Accidents,3822,5347,5553,5438,5176,5548,6363,5181,42428
Andhra Pradesh,2010,Rail-Road Accidents,55,43,177,201,79,54,40,41,690
Andhra Pradesh,2010,Other Railway Accidents,50,104,47,165,159,157,106,85,873
Andhra Pradesh,2011,Road Accidents,3577,4958,4494,5897,5420,5716,6418,4586,41066
Andhra Pradesh,2011,Rail-Road Accidents,17,48,178,196,92,70,53,21,675
Andhra Pradesh,2011,Other Railway Accidents,190,180,162,140,141,138,211,200,1362
Andhra Pradesh,2012,Road Accidents,3026,3795,4413,5413,4978,5616,6877,5226,39344
Andhra Pradesh,2012,Rail-Road Accidents,0,0,0,0,1,0,2,0,3
Andhra Pradesh,2012,Other Railway Accidents,292,390,485,406,250,293,327,249,2692
Arunachal Pradesh,2001,Road Accidents,9,24,21,46,31,45,36,24,236
Arunachal Pradesh,2001,Rail-Road Accidents,0,0,0,0,0,0,0,0,0
Arunachal Pradesh,2001,Other Railway Accidents,0,0,0,0,0,0,0,0,0
Arunachal Pradesh,2002,Road Accidents,8,22,32,46,40,36,38,13,235
Arunachal Pradesh,2002,Rail-Road Accidents,0,0,0,0,0,0,0,0,0
Arunachal Pradesh,2002,Other Railway Accidents,0,0,0,0,0,0,0,0,0
Arunachal Pradesh,2003,Road Accidents,9,21,29,47,36,37,36,14,229
Arunachal Pradesh,2003,Rail-Road Accidents,0,0,0,0,0,0,0,0,0
Arunachal Pradesh,2003,Other Railway Accidents,0,0,0,0,0,0,0,0,0
Arunachal Pradesh,2004,Road Accidents,6,9,32,47,39,45,30,9,217
Arunachal Pradesh,2004,Rail-Road Accidents,0,0,0,0,0,0,0,0,0
Arunachal Pradesh,2004,Other Railway Accidents,0,0,0,0,0,0,0,0,0
Arunachal Pradesh,2005,Road Accidents,5,12,29,46,44,49,38,14,237
Arunachal Pradesh,2005,Rail-Road Accidents,0,0,0,0,0,0,0,0,0
Arunachal Pradesh,2005,Other Railway Accidents,0,0,0,0,0,0,0,0,0
Arunachal Pradesh,2006,Road Accidents,16,19,32,44,40,43,33,16,243
Arunachal Pradesh,2006,Rail-Road Accidents,0,0,0,0,0,0,0,0,0
Arunachal Pradesh,2006,Other Railway Accidents,0,0,0,0,0,0,0,0,0
Arunachal Pradesh,2007,Road Accidents,20,23,24,40,37,45,25,16,230
Arunachal Pradesh,2007,Rail-Road Accidents,0,0,0,0,0,0,0,0,0
Arunachal Pradesh,2007,Other Railway Accidents,0,0,0,0,0,0,0,0,0
Arunachal Pradesh,2008,Road Accidents,21,15,17,44,58,50,41,15,261
Arunachal Pradesh,2008,Rail-Road Accidents,0,0,0,0,0,0,0,0,0
Arunachal Pradesh,2008,Other Railway Accidents,0,0,0,0,0,0,0,0,0
Arunachal Pradesh,2009,Road Accidents,21,15,17,44,58,50,41,15,261
Arunachal Pradesh,2009,Rail-Road Accidents,0,0,0,0,0,0,0,0,0
Arunachal Pradesh,2009,Other Railway Accidents,0,0,0,0,0,0,0,0,0
Arunachal Pradesh,2010,Road Accidents,8,16,38,48,50,68,35,17,280
Arunachal Pradesh,2010,Rail-Road Accidents,0,0,0,0,0,0,0,0,0
Arunachal Pradesh,2010,Other Railway Accidents,0,0,0,0,0,0,0,0,0
Arunachal Pradesh,2011,Road Accidents,12,12,36,46,52,55,39,11,263
Arunachal Pradesh,2011,Rail-Road Accidents,0,0,0,0,0,0,0,0,0
Arunachal Pradesh,2011,Other Railway Accidents,0,0,0,0,0,0,0,0,0
Arunachal Pradesh,2012,Road Accidents,4,17,22,41,34,51,23,12,204
Arunachal Pradesh,2012,Rail-Road Accidents,0,0,0,0,0,0,0,0,0
Arunachal Pradesh,2012,Other Railway Accidents,0,0,0,0,0,0,0,0,0
Assam,2001,Road Accidents,133,150,259,346,300,285,234,99,1806
Assam,2001,Rail-Road Accidents,5,5,4,2,3,4,4,3,30
Assam,2001,Other Railway Accidents,15,23,43,37,24,26,23,22,213
Assam,2002,Road Accidents,167,240,322,411,335,339,272,157,2243
Assam,2002,Rail-Road Accidents,3,3,4,0,0,0,0,0,10
Assam,2002,Other Railway Accidents,14,32,60,66,43,37,40,30,322
Assam,2003,Road Accidents,129,219,295,434,330,364,247,127,2145
Assam,2003,Rail-Road Accidents,0,4,0,1,0,2,1,2,10
Assam,2003,Other Railway Accidents,29,33,61,61,43,36,46,36,345
Assam,2004,Road Accidents,101,170,287,457,340,339,204,104,2002
Assam,2004,Rail-Road Accidents,2,7,2,7,2,1,2,4,27
Assam,2004,Other Railway Accidents,1,82,85,8,30,2,93,71,372
Assam,2005,Road Accidents,172,282,584,731,664,668,365,190,3656
Assam,2005,Rail-Road Accidents,16,6,2,2,1,5,8,7,47
Assam,2005,Other Railway Accidents,24,45,50,34,45,34,51,35,318
Assam,2006,Road Accidents,159,275,679,916,753,799,313,186,4080
Assam,2006,Rail-Road Accidents,11,11,17,17,9,5,12,8,90
Assam,2006,Other Railway Accidents,20,59,87,81,56,57,55,35,450
Assam,2007,Road Accidents,195,230,690,941,752,610,362,215,3995
Assam,2007,Rail-Road Accidents,4,3,5,12,6,7,4,1,42
Assam,2007,Other Railway Accidents,11,48,24,49,39,26,35,15,247
Assam,2008,Road Accidents,220,259,777,915,747,780,369,195,4262
Assam,2008,Rail-Road Accidents,3,2,8,2,3,0,5,0,23
Assam,2008,Other Railway Accidents,38,41,55,73,28,21,20,27,303
Assam,2009,Road Accidents,165,218,667,1039,912,961,437,186,4585
Assam,2009,Rail-Road Accidents,4,7,8,24,7,9,13,19,91
Assam,2009,Other Railway Accidents,45,42,73,58,61,48,49,49,425
Assam,2010,Road Accidents,231,255,898,1313,972,1058,480,278,5485
Assam,2010,Rail-Road Accidents,1,3,3,5,10,1,4,0,27
Assam,2010,Other Railway Accidents,28,43,79,71,64,67,57,32,441
Assam,2011,Road Accidents,275,216,1110,1494,1166,1118,762,428,6569
Assam,2011,Rail-Road Accidents,1,0,8,6,4,4,4,2,29
Assam,2011,Other Railway Accidents,35,53,49,52,80,77,76,60,482
Assam,2012,Road Accidents,176,206,955,1357,1260,1219,905,457,6535
Assam,2012,Rail-Road Accidents,1,3,9,4,3,4,3,2,29
Assam,2012,Other Railway Accidents,26,54,89,80,63,71,70,47,500
Bihar,2001,Road Accidents,344,541,618,690,552,625,503,461,4334
Bihar,2001,Rail-Road Accidents,20,34,29,32,41,30,28,27,241
Bihar,2001,Other Railway Accidents,38,70,122,60,50,47,108,74,569
Bihar,2002,Road Accidents,297,395,710,777,718,637,495,343,4372
Bihar,2002,Rail-Road Accidents,17,18,39,48,47,43,29,32,273
Bihar,2002,Other Railway Accidents,91,88,72,81,76,48,51,93,600
Bihar,2003,Road Accidents,374,423,531,664,580,567,477,286,3902
Bihar,2003,Rail-Road Accidents,0,1,0,0,0,0,0,0,1
Bihar,2003,Other Railway Accidents,118,121,94,107,107,65,78,113,803
Bihar,2004,Road Accidents,286,494,466,638,689,537,436,344,3890
Bihar,2004,Rail-Road Accidents,6,5,19,26,20,19,12,4,111
Bihar,2004,Other Railway Accidents,100,103,102,111,94,86,59,97,752
Bihar,2005,Road Accidents,233,435,643,632,644,540,419,200,3746
Bihar,2005,Rail-Road Accidents,6,17,30,45,28,26,21,16,189
Bihar,2005,Other Railway Accidents,111,127,98,110,91,68,54,107,766
Bihar,2006,Road Accidents,263,524,661,745,709,610,500,370,4382
Bihar,2006,Rail-Road Accidents,9,16,40,35,33,29,14,11,187
Bihar,2006,Other Railway Accidents,114,81,219,198,163,173,152,130,1230
Bihar,2007,Road Accidents,356,739,868,866,838,918,664,382,5631
Bihar,2007,Rail-Road Accidents,0,2,0,2,1,1,0,0,6
Bihar,2007,Other Railway Accidents,130,157,147,146,177,228,143,191,1319
Bihar,2008,Road Accidents,361,907,928,1006,845,1002,702,429,6180
Bihar,2008,Rail-Road Accidents,0,1,1,3,0,0,0,2,7
Bihar,2008,Other Railway Accidents,56,188,262,219,130,152,126,64,1197
Bihar,2009,Road Accidents,703,1052,1232,1215,1007,1335,1126,696,8366
Bihar,2009,Rail-Road Accidents,0,0,0,10,0,22,16,0,48
Bihar,2009,Other Railway Accidents,43,170,148,258,172,160,161,22,1134
Bihar,2010,Road Accidents,720,923,1037,1267,1210,1288,1168,828,8441
Bihar,2010,Rail-Road Accidents,2,8,8,5,9,1,2,8,43
Bihar,2010,Other Railway Accidents,105,238,372,189,126,71,52,71,1224
Bihar,2011,Road Accidents,690,903,1167,1512,1511,1492,1240,840,9355
Bihar,2011,Rail-Road Accidents,3,1,0,2,1,0,1,2,10
Bihar,2011,Other Railway Accidents,175,314,436,273,208,152,124,149,1831
Bihar,2012,Road Accidents,666,763,1733,1725,1653,1569,1269,942,10320
Bihar,2012,Rail-Road Accidents,25,35,31,22,20,26,55,50,264
Bihar,2012,Other Railway Accidents,164,157,264,248,178,121,168,66,1366
Chhattisgarh,2001,Road Accidents,279,353,632,1026,762,859,684,392,4987
Chhattisgarh,2001,Rail-Road Accidents,1,0,0,2,0,1,2,2,8
Chhattisgarh,2001,Other Railway Accidents,21,29,36,41,43,33,35,32,270
Chhattisgarh,2002,Road Accidents,384,528,847,813,892,927,794,616,5801
Chhattisgarh,2002,Rail-Road Accidents,0,1,0,2,0,0,1,0,4
Chhattisgarh,2002,Other Railway Accidents,25,47,68,66,49,40,31,40,366
Chhattisgarh,2003,Road Accidents,611,732,859,1099,959,929,938,896,7023
Chhattisgarh,2003,Rail-Road Accidents,5,2,14,9,6,9,6,2,53
Chhattisgarh,2003,Other Railway Accidents,31,39,71,58,50,56,46,35,386
Chhattisgarh,2004,Road Accidents,359,431,719,1165,868,910,818,805,6075
Chhattisgarh,2004,Rail-Road Accidents,1,12,21,20,14,11,13,26,118
Chhattisgarh,2004,Other Railway Accidents,16,36,54,59,49,40,39,37,330
Chhattisgarh,2005,Road Accidents,445,712,782,1016,920,805,716,600,5996
Chhattisgarh,2005,Rail-Road Accidents,2,10,9,9,7,10,9,11,67
Chhattisgarh,2005,Other Railway Accidents,42,51,73,47,46,46,51,60,416
Chhattisgarh,2006,Road Accidents,531,570,918,1229,1197,1069,958,639,7111
Chhattisgarh,2006,Rail-Road Accidents,3,3,7,7,7,4,4,4,39
Chhattisgarh,2006,Other Railway Accidents,25,61,74,73,68,53,54,54,462
Chhattisgarh,2007,Road Accidents,498,846,1081,1230,1210,1173,990,809,7837
Chhattisgarh,2007,Rail-Road Accidents,0,2,3,2,1,3,3,1,15
Chhattisgarh,2007,Other Railway Accidents,35,51,79,80,66,55,68,59,493
Chhattisgarh,2008,Road Accidents,594,957,1199,1452,1414,1141,1133,879,8769
Chhattisgarh,2008,Rail-Road Accidents,0,0,8,5,4,0,6,3,26
Chhattisgarh,2008,Other Railway Accidents,41,63,87,79,64,55,60,54,503
Chhattisgarh,2009,Road Accidents,414,692,998,1408,1219,1165,1193,824,7913
Chhattisgarh,2009,Rail-Road Accidents,3,9,9,14,18,14,14,8,89
Chhattisgarh,2009,Other Railway Accidents,23,52,81,108,54,52,45,44,459
Chhattisgarh,2010,Road Accidents,579,756,1007,1417,1254,1095,1034,660,7802
Chhattisgarh,2010,Rail-Road Accidents,55,70,90,84,80,87,81,70,617
Chhattisgarh,2010,Other Railway Accidents,43,76,97,101,70,65,54,57,563
Chhattisgarh,2011,Road Accidents,572,814,1275,1514,1493,1385,1293,849,9195
Chhattisgarh,2011,Rail-Road Accidents,7,17,21,19,14,10,20,10,118
Chhattisgarh,2011,Other Railway Accidents,38,47,96,104,68,76,77,78,584
Chhattisgarh,2012,Road Accidents,1159,1415,1708,1885,1936,1886,1995,1527,13511
Chhattisgarh,2012,Rail-Road Accidents,3,9,5,8,5,2,3,8,43
Chhattisgarh,2012,Other Railway Accidents,26,74,80,81,60,68,76,44,509
Goa,2001,Road Accidents,52,33,152,248,233,299,229,129,1375
Goa,2001,Rail-Road Accidents,0,0,1,0,0,0,1,1,3
Goa,2001,Other Railway Accidents,1,2,8,3,1,3,1,3,22
Goa,2002,Road Accidents,57,44,147,204,173,209,239,128,1201
Goa,2002,Rail-Road Accidents,0,0,0,0,0,0,0,0,0
Goa,2002,Other Railway Accidents,0,1,12,8,7,6,2,2,38
Goa,2003,Road Accidents,81,38,144,284,306,345,323,157,1678
Goa,2003,Rail-Road Accidents,0,0,2,4,5,5,0,2,18
Goa,2003,Other Railway Accidents,0,1,2,4,3,1,2,0,13
Goa,2004,Road Accidents,74,33,161,220,274,263,248,269,1542
Goa,2004,Rail-Road Accidents,0,0,4,1,0,1,1,2,9
Goa,2004,Other Railway Accidents,0,4,8,4,6,4,0,0,26
Goa,2005,Road Accidents,56,38,110,165,187,208,191,114,1069
Goa,2005,Rail-Road Accidents,0,0,1,1,0,0,0,0,2
Goa,2005,Other Railway Accidents,0,0,6,1,1,2,1,1,12
Goa,2006,Road Accidents,200,138,335,559,702,712,692,411,3749
Goa,2006,Rail-Road Accidents,0,1,3,1,0,1,1,0,7
Goa,2006,Other Railway Accidents,2,5,5,2,2,4,3,5,28
Goa,2007,Road Accidents,212,117,407,599,719,798,755,415,4022
Goa,2007,Rail-Road Accidents,0,0,0,0,0,0,0,0,0
Goa,2007,Other Railway Accidents,1,4,6,6,4,3,2,1,27
Goa,2008,Road Accidents,194,139,378,618,772,828,760,490,4179
Goa,2008,Rail-Road Accidents,0,0,0,0,0,0,0,0,0
Goa,2008,Other Railway Accidents,3,1,7,6,3,5,3,2,30
Goa,2009,Road Accidents,200,132,410,635,740,837,756,460,4170
Goa,2009,Rail-Road Accidents,0,0,0,0,0,0,0,0,0
Goa,2009,Other Railway Accidents,3,3,3,7,7,4,7,6,40
Goa,2010,Road Accidents,195,164,443,736,848,873,876,439,4574
Goa,2010,Rail-Road Accidents,0,0,0,0,0,0,0,0,0
Goa,2010,Other Railway Accidents,4,5,15,12,4,6,8,1,55
Goa,2011,Road Accidents,261,178,431,749,783,901,812,446,4561
Goa,2011,Rail-Road Accidents,0,0,0,0,0,0,0,0,0
Goa,2011,Other Railway Accidents,1,5,9,6,5,9,4,3,42
Goa,2012,Road Accidents,208,155,424,666,807,799,775,454,4288
Goa,2012,Rail-Road Accidents,0,0,0,0,0,0,0,0,0
Goa,2012,Other Railway Accidents,7,1,17,15,14,8,11,1,74
Gujarat,2001,Road Accidents,1267,1338,2316,3263,3119,3163,3161,2181,19808
Gujarat,2001,Rail-Road Accidents,1,2,1,1,5,5,6,3,24
Gujarat,2001,Other Railway Accidents,85,73,177,189,156,144,156,123,1103
Gujarat,2002,Road Accidents,1106,1120,2239,3150,2968,3030,2985,2142,18740
Gujarat,2002,Rail-Road Accidents,1,2,6,7,3,7,1,0,27
Gujarat,2002,Other Railway Accidents,89,107,240,204,159,157,161,134,1251
Gujarat,2003,Road Accidents,1070,1238,2170,3094,2733,2881,2998,1918,18102
Gujarat,2003,Rail-Road Accidents,4,4,12,10,11,11,10,6,68
Gujarat,2003,Other Railway Accidents,86,90,221,184,162,152,200,139,1234
Gujarat,2004,Road Accidents,1152,1339,2109,2895,2856,3079,2994,2054,18478
Gujarat,2004,Rail-Road Accidents,9,7,8,12,8,6,10,9,69
Gujarat,2004,Other Railway Accidents,88,74,182,176,118,132,159,119,1048
Gujarat,2005,Road Accidents,1428,1324,2091,2860,2917,2846,2928,2147,18541
Gujarat,2005,Rail-Road Accidents,0,7,6,5,3,5,6,2,34
Gujarat,2005,Other Railway Accidents,72,84,205,184,130,165,153,137,1130
Gujarat,2006,Road Accidents,1277,1533,2216,2837,2968,2960,3029,2124,18944
Gujarat,2006,Rail-Road Accidents,4,3,8,4,2,6,4,5,36
Gujarat,2006,Other Railway Accidents,86,69,206,159,153,137,152,155,1117
Gujarat,2007,Road Accidents,1468,2013,2503,3085,3009,3419,3319,2617,21433
Gujarat,2007,Rail-Road Accidents,7,9,12,6,6,8,8,7,63
Gujarat,2007,Other Railway Accidents,85,80,230,159,131,150,208,153,1196
Gujarat,2008,Road Accidents,1432,1631,2535,3263,3169,3323,3449,2225,21027
Gujarat,2008,Rail-Road Accidents,15,15,7,10,6,10,7,14,84
Gujarat,2008,Other Railway Accidents,79,92,152,177,132,138,203,174,1147
Gujarat,2009,Road Accidents,1239,1640,2545,3110,2918,3282,3255,2112,20101
Gujarat,2009,Rail-Road Accidents,7,8,16,5,8,6,6,8,64
Gujarat,2009,Other Railway Accidents,83,79,162,146,133,135,169,119,1026
Gujarat,2010,Road Accidents,1348,1670,2507,3232,2968,3267,3341,2165,20498
Gujarat,2010,Rail-Road Accidents,11,8,3,4,13,14,9,7,69
Gujarat,2010,Other Railway Accidents,98,89,164,140,134,114,158,114,1011
Gujarat,2011,Road Accidents,1962,2282,3571,4941,4595,4751,4767,3330,30199
Gujarat,2011,Rail-Road Accidents,4,1,7,4,6,6,11,3,42
Gujarat,2011,Other Railway Accidents,87,98,184,139,122,120,177,143,1070
Gujarat,2012,Road Accidents,2085,2603,3286,4190,3802,4045,4403,2853,27267
Gujarat,2012,Rail-Road Accidents,2,9,9,6,5,9,8,8,56
Gujarat,2012,Other Railway Accidents,102,94,179,163,108,126,173,123,1068
Haryana,2001,Road Accidents,407,625,1003,1015,894,882,832,715,6373
Haryana,2001,Rail-Road Accidents,1,2,2,2,0,0,0,0,7
Haryana,2001,Other Railway Accidents,100,277,288,299,40,180,19,28,1231
Haryana,2002,Road Accidents,615,740,1070,1004,877,992,1006,783,7087
Haryana,2002,Rail-Road Accidents,0,0,0,0,0,0,0,0,0
Haryana,2002,Other Railway Accidents,0,0,0,0,0,0,0,0,0
Haryana,2003,Road Accidents,709,910,793,888,823,837,826,638,6424
Haryana,2003,Rail-Road Accidents,0,0,3,2,2,0,2,2,11
Haryana,2003,Other Railway Accidents,0,0,0,0,0,0,0,0,0
Haryana,2004,Road Accidents,845,1014,1042,1069,998,989,1070,881,7908
Haryana,2004,Rail-Road Accidents,1,2,3,3,0,5,3,1,18
Haryana,2004,Other Railway Accidents,108,284,293,306,47,187,32,36,1293
Haryana,2005,Road Accidents,760,859,1020,962,898,1065,1165,953,7682
Haryana,2005,Rail-Road Accidents,1,1,3,3,1,4,3,1,17
Haryana,2005,Other Railway Accidents,116,293,303,316,54,199,43,42,1366
Haryana,2006,Road Accidents,1155,1112,1277,1191,1114,1317,1760,1336,10262
Haryana,2006,Rail-Road Accidents,1,2,2,3,2,1,2,1,14
Haryana,2006,Other Railway Accidents,177,330,331,350,58,201,40,39,1526
Haryana,2007,Road Accidents,1080,1033,1313,1312,1267,1407,1767,1137,10316
Haryana,2007,Rail-Road Accidents,1,2,2,1,2,1,2,2,13
Haryana,2007,Other Railway Accidents,141,183,186,280,58,165,40,39,1092
Haryana,2008,Road Accidents,1089,1236,1367,1374,1380,1622,1911,1262,11241
Haryana,2008,Rail-Road Accidents,4,3,2,4,5,1,4,2,25
Haryana,2008,Other Railway Accidents,136,140,145,130,132,135,130,133,1081
Haryana,2009,Road Accidents,860,1184,1488,1580,1526,1670,1870,1249,11427
Haryana,2009,Rail-Road Accidents,3,2,2,2,1,2,1,1,14
Haryana,2009,Other Railway Accidents,140,150,153,134,141,139,136,138,1131
Haryana,2010,Road Accidents,799,1105,1617,1517,1481,1715,1756,1171,11161
Haryana,2010,Rail-Road Accidents,0,0,0,0,0,0,0,0,0
Haryana,2010,Other Railway Accidents,149,155,159,145,145,151,144,147,1195
Haryana,2011,Road Accidents,685,1049,1319,1302,1364,1720,1811,1303,10553
Haryana,2011,Rail-Road Accidents,0,0,0,0,0,0,0,0,0
Haryana,2011,Other Railway Accidents,191,162,141,142,130,138,164,184,1252
Haryana,2012,Road Accidents,578,941,1263,1268,1350,1613,1802,1156,9971
Haryana,2012,Rail-Road Accidents,0,1,1,3,3,2,3,2,15
Haryana,2012,Other Railway Accidents,177,167,162,155,171,160,127,145,1264
Himachal Pradesh,2001,Road Accidents,75,145,207,271,252,362,446,352,2110
Himachal Pradesh,2001,Rail-Road Accidents,0,0,0,0,0,0,0,0,0
Himachal Pradesh,2001,Other Railway Accidents,0,1,2,3,1,2,1,0,10
Himachal Pradesh,2002,Road Accidents,81,124,267,352,255,345,497,360,2281
Himachal Pradesh,2002,Rail-Road Accidents,0,0,0,0,0,0,0,0,0
Himachal Pradesh,2002,Other Railway Accidents,0,0,0,0,0,0,1,0,1
Himachal Pradesh,2003,Road Accidents,87,85,320,484,334,377,402,270,2359
Himachal Pradesh,2003,Rail-Road Accidents,0,0,0,0,0,0,0,0,0
Himachal Pradesh,2003,Other Railway Accidents,6,1,2,4,1,2,0,0,16
Himachal Pradesh,2004,Road Accidents,135,141,323,451,358,453,357,297,2515
Himachal Pradesh,2004,Rail-Road Accidents,0,0,0,0,0,0,0,0,0
Himachal Pradesh,2004,Other Railway Accidents,2,2,6,4,1,1,1,1,18
Himachal Pradesh,2005,Road Accidents,123,88,268,395,397,396,444,290,2401
Himachal Pradesh,2005,Rail-Road Accidents,0,0,0,0,0,0,0,0,0
Himachal Pradesh,2005,Other Railway Accidents,2,1,1,2,1,1,1,1,10
Himachal Pradesh,2006,Road Accidents,112,120,314,495,444,425,307,199,2416
Himachal Pradesh,2006,Rail-Road Accidents,0,0,0,0,0,0,0,0,0
Himachal Pradesh,2006,Other Railway Accidents,2,3,2,3,2,2,2,2,18
Himachal Pradesh,2007,Road Accidents,120,151,273,309,436,443,513,337,2582
Himachal Pradesh,2007,Rail-Road Accidents,0,0,0,0,0,0,0,0,0
Himachal Pradesh,2007,Other Railway Accidents,4,2,3,1,2,1,4,0,17
Himachal Pradesh,2008,Road Accidents,103,106,219,255,297,414,382,206,1982
Himachal Pradesh,2008,Rail-Road Accidents,0,0,0,0,0,0,0,0,0
Himachal Pradesh,2008,Other Railway Accidents,1,2,4,2,3,5,3,2,22
Himachal Pradesh,2009,Road Accidents,135,153,322,366,500,653,566,383,3078
Himachal Pradesh,2009,Rail-Road Accidents,0,0,0,0,0,0,0,0,0
Himachal Pradesh,2009,Other Railway Accidents,0,0,4,2,3,6,0,0,15
Himachal Pradesh,2010,Road Accidents,153,192,372,360,396,633,626,345,3077
Himachal Pradesh,2010,Rail-Road Accidents,0,0,0,0,0,0,0,0,0
Himachal Pradesh,2010,Other Railway Accidents,0,0,3,5,3,2,3,4,20
Himachal Pradesh,2011,Road Accidents,100,124,353,465,472,693,577,315,3099
Himachal Pradesh,2011,Rail-Road Accidents,0,0,0,0,0,0,0,0,0
Himachal Pradesh,2011,Other Railway Accidents,2,2,4,3,5,5,4,2,27
Himachal Pradesh,2012,Road Accidents,114,128,332,459,434,539,558,335,2899
Himachal Pradesh,2012,Rail-Road Accidents,0,0,0,0,0,0,0,0,0
Himachal Pradesh,2012,Other Railway Accidents,0,1,3,1,2,4,3,0,14
Jammu & Kashmir,2001,Road Accidents,337,352,658,1099,1062,864,386,253,5011
Jammu & Kashmir,2001,Rail-Road Accidents,0,0,0,0,0,0,0,0,0
Jammu & Kashmir,2001,Other Railway Accidents,0,0,0,0,0,0,0,0,0
Jammu & Kashmir,2002,Road Accidents,154,180,582,1293,1118,1001,641,404,5373
Jammu & Kashmir,2002,Rail-Road Accidents,0,0,0,0,0,0,0,0,0
Jammu & Kashmir,2002,Other Railway Accidents,0,0,0,0,0,0,0,0,0
Jammu & Kashmir,2003,Road Accidents,298,304,639,1038,1292,1177,795,345,5888
Jammu & Kashmir,2003,Rail-Road Accidents,0,0,0,0,0,0,0,0,0
Jammu & Kashmir,2003,Other Railway Accidents,0,20,0,0,24,0,0,0,44
Jammu & Kashmir,2004,Road Accidents,333,239,958,1677,1441,966,501,166,6281
Jammu & Kashmir,2004,Rail-Road Accidents,0,0,0,0,0,0,0,0,0
Jammu & Kashmir,2004,Other Railway Accidents,0,0,0,0,0,0,0,0,0
Jammu & Kashmir,2005,Road Accidents,188,396,811,1233,1057,1173,532,279,5669
Jammu & Kashmir,2005,Rail-Road Accidents,0,0,0,0,0,0,0,0,0
Jammu & Kashmir,2005,Other Railway Accidents,0,0,0,0,0,0,0,0,0
Jammu & Kashmir,2006,Road Accidents,350,235,541,1110,1061,1116,728,468,5609
Jammu & Kashmir,2006,Rail-Road Accidents,0,0,0,0,0,0,0,0,0
Jammu & Kashmir,2006,Other Railway Accidents,0,0,0,0,0,0,0,0,0
Jammu & Kashmir,2007,Road Accidents,326,418,697,1049,1099,982,842,461,5874
Jammu & Kashmir,2007,Rail-Road Accidents,0,0,0,0,0,0,0,0,0
Jammu & Kashmir,2007,Other Railway Accidents,0,0,0,0,0,0,0,0,0
Jammu & Kashmir,2008,Road Accidents,261,368,631,999,1139,892,675,461,5426
Jammu & Kashmir,2008,Rail-Road Accidents,0,0,0,0,0,0,0,0,0
Jammu & Kashmir,2008,Other Railway Accidents,0,0,0,0,0,0,0,0,0
Jammu & Kashmir,2009,Road Accidents,298,386,676,1178,1240,1023,802,409,6012
Jammu & Kashmir,2009,Rail-Road Accidents,2,6,15,11,7,4,4,8,57
Jammu & Kashmir,2009,Other Railway Accidents,0,0,0,0,0,0,0,0,0
Jammu & Kashmir,2010,Road Accidents,239,287,699,1173,1265,1099,796,584,6142
Jammu & Kashmir,2010,Rail-Road Accidents,0,0,5,3,6,4,0,0,18
Jammu & Kashmir,2010,Other Railway Accidents,0,0,0,0,0,0,0,0,0
Jammu & Kashmir,2011,Road Accidents,299,298,681,1424,1458,1244,753,508,6665
Jammu & Kashmir,2011,Rail-Road Accidents,0,3,13,7,11,5,6,5,50
Jammu & Kashmir,2011,Other Railway Accidents,1,0,2,4,4,2,4,3,20
Jammu & Kashmir,2012,Road Accidents,285,347,642,1306,1444,1420,748,445,6637
Jammu & Kashmir,2012,Rail-Road Accidents,3,4,7,6,5,7,7,5,44
Jammu & Kashmir,2012,Other Railway Accidents,0,0,1,1,5,2,2,4,15
Jharkhand,2001,Road Accidents,103,104,117,135,109,120,179,128,995
Jharkhand,2001,Rail-Road Accidents,21,2,6,5,0,2,0,0,36
Jharkhand,2001,Other Railway Accidents,50,21,11,10,27,11,15,7,152
Jharkhand,2002,Road Accidents,101,99,109,100,110,112,138,111,880
Jharkhand,2002,Rail-Road Accidents,2,3,4,3,1,3,1,1,18
Jharkhand,2002,Other Railway Accidents,44,19,8,17,20,12,18,4,142
Jharkhand,2003,Road Accidents,101,110,130,140,135,145,0,119,880
Jharkhand,2003,Rail-Road Accidents,2,3,4,3,1,3,0,2,18
Jharkhand,2003,Other Railway Accidents,44,15,13,20,25,20,0,5,142
Jharkhand,2004,Road Accidents,151,168,199,175,178,172,85,167,1295
Jharkhand,2004,Rail-Road Accidents,2,3,4,3,1,3,1,1,18
Jharkhand,2004,Other Railway Accidents,44,19,11,17,20,16,5,10,142
Jharkhand,2005,Road Accidents,93,289,405,451,384,516,377,224,2739
Jharkhand,2005,Rail-Road Accidents,0,20,78,105,118,123,79,20,543
Jharkhand,2005,Other Railway Accidents,0,0,0,0,1,2,1,0,4
Jharkhand,2006,Road Accidents,207,322,681,706,741,684,513,447,4301
Jharkhand,2006,Rail-Road Accidents,106,98,22,46,51,53,75,0,451
Jharkhand,2006,Other Railway Accidents,1,2,0,2,0,0,0,0,5
Jharkhand,2007,Road Accidents,250,416,683,702,850,816,521,266,4504
Jharkhand,2007,Rail-Road Accidents,8,6,6,5,2,2,3,2,34
Jharkhand,2007,Other Railway Accidents,65,79,79,80,85,75,67,56,586
Jharkhand,2008,Road Accidents,283,345,414,489,474,472,477,305,3259
Jharkhand,2008,Rail-Road Accidents,1,1,2,1,1,0,0,0,6
Jharkhand,2008,Other Railway Accidents,51,58,77,77,62,59,33,60,477
Jharkhand,2009,Road Accidents,326,446,681,744,658,670,524,487,4536
Jharkhand,2009,Rail-Road Accidents,0,0,0,8,0,4,0,1,13
Jharkhand,2009,Other Railway Accidents,51,1,62,89,93,96,93,58,543
Jharkhand,2010,Road Accidents,247,379,706,766,602,648,557,323,4228
Jharkhand,2010,Rail-Road Accidents,0,0,0,1,0,0,0,0,1
Jharkhand,2010,Other Railway Accidents,34,32,46,58,36,34,22,27,289
Jharkhand,2011,Road Accidents,285,355,585,640,582,581,512,361,3901
Jharkhand,2011,Rail-Road Accidents,0,2,2,2,1,2,1,0,10
Jharkhand,2011,Other Railway Accidents,58,57,112,86,95,83,84,46,621
Jharkhand,2012,Road Accidents,351,494,779,705,542,708,626,420,4625
Jharkhand,2012,Rail-Road Accidents,0,0,0,0,0,0,0,0,0
Jharkhand,2012,Other Railway Accidents,84,71,104,90,87,57,55,54,602
Karnataka,2001,Road Accidents,2426,2925,3775,5210,4799,5131,4807,3787,32860
Karnataka,2001,Rail-Road Accidents,8,60,10,2,0,0,50,10,140
Karnataka,2001,Other Railway Accidents,80,90,48,55,128,39,42,81,563
Karnataka,2002,Road Accidents,2663,3482,4123,5865,5414,5315,5141,3658,35661
Karnataka,2002,Rail-Road Accidents,6,40,10,5,10,5,40,7,123
Karnataka,2002,Other Railway Accidents,80,101,21,16,115,84,83,100,600
Karnataka,2003,Road Accidents,2719,3398,4095,5735,5696,6154,5687,4027,37511
Karnataka,2003,Rail-Road Accidents,6,40,10,10,10,10,40,21,147
Karnataka,2003,Other Railway Accidents,75,101,17,10,110,82,82,102,579
Karnataka,2004,Road Accidents,2576,3106,4140,5955,5888,6400,6371,4315,38751
Karnataka,2004,Rail-Road Accidents,6,10,10,10,10,10,40,22,118
Karnataka,2004,Other Railway Accidents,90,101,21,32,111,100,100,100,655
Karnataka,2005,Road Accidents,2949,3198,4665,6193,6095,6658,6377,4138,40273
Karnataka,2005,Rail-Road Accidents,8,3,5,5,9,2,4,9,45
Karnataka,2005,Other Railway Accidents,103,149,148,132,191,136,82,201,1142
Karnataka,2006,Road Accidents,3264,3702,4738,6871,6425,6709,6839,4732,43280
Karnataka,2006,Rail-Road Accidents,2,3,5,5,8,2,4,7,36
Karnataka,2006,Other Railway Accidents,103,139,158,145,200,137,84,202,1168
Karnataka,2007,Road Accidents,3239,3590,5350,7142,7486,7193,7263,5071,46334
Karnataka,2007,Rail-Road Accidents,6,3,8,2,3,3,2,2,29
Karnataka,2007,Other Railway Accidents,188,175,202,191,152,149,106,69,1232
Karnataka,2008,Road Accidents,3181,3802,5471,6533,7183,7051,7159,5872,46252
Karnataka,2008,Rail-Road Accidents,0,1,0,5,7,10,2,2,27
Karnataka,2008,Other Railway Accidents,19,184,227,205,195,153,221,207,1411
Karnataka,2009,Road Accidents,3107,3750,5001,6399,6733,7066,7258,5876,45190
Karnataka,2009,Rail-Road Accidents,0,0,0,0,0,0,0,0,0
Karnataka,2009,Other Railway Accidents,39,182,221,214,192,142,214,237,1441
Karnataka,2010,Road Accidents,3481,5270,5268,6922,6451,6951,7207,4670,46220
Karnataka,2010,Rail-Road Accidents,1,5,4,3,6,6,4,1,30
Karnataka,2010,Other Railway Accidents,38,39,300,512,260,200,134,72,1555
Karnataka,2011,Road Accidents,3468,3807,4657,6606,6568,7376,7501,4713,44696
Karnataka,2011,Rail-Road Accidents,2,3,0,7,7,4,1,4,28
Karnataka,2011,Other Railway Accidents,41,52,349,482,328,176,129,91,1648
Karnataka,2012,Road Accidents,3085,2802,4472,6842,6753,7802,7431,5261,44448
Karnataka,2012,Rail-Road Accidents,0,0,0,0,0,0,0,0,0
Karnataka,2012,Other Railway Accidents,206,212,206,202,198,213,216,226,1679
Kerala,2001,Road Accidents,892,1610,4820,6684,6119,7610,5960,2744,36439
Kerala,2001,Rail-Road Accidents,6,2,0,0,0,2,2,1,13
Kerala,2001,Other Railway Accidents,23,25,46,39,40,39,35,35,282
Kerala,2002,Road Accidents,669,1187,4685,6397,6322,7579,5296,2399,34534
Kerala,2002,Rail-Road Accidents,3,9,7,7,6,8,5,5,50
Kerala,2002,Other Railway Accidents,17,38,46,35,32,36,68,44,316
Kerala,2003,Road Accidents,748,1312,3882,6152,4914,7019,5616,2304,31947
Kerala,2003,Rail-Road Accidents,4,10,10,5,6,4,5,3,47
Kerala,2003,Other Railway Accidents,11,22,28,27,12,19,18,19,156
Kerala,2004,Road Accidents,1439,2124,5143,8107,6328,8252,6534,3176,41103
Kerala,2004,Rail-Road Accidents,1,0,5,4,1,5,1,0,17
Kerala,2004,Other Railway Accidents,18,17,37,36,30,45,43,35,261
Kerala,2005,Road Accidents,1205,1763,4977,7620,6244,8601,7961,3924,42295
Kerala,2005,Rail-Road Accidents,0,1,1,11,12,8,2,0,35
Kerala,2005,Other Railway Accidents,20,14,35,28,20,37,35,30,219
Kerala,2006,Road Accidents,1553,1877,4438,7140,6446,8461,7587,4226,41728
Kerala,2006,Rail-Road Accidents,24,22,29,27,26,20,35,24,207
Kerala,2006,Other Railway Accidents,4,21,29,12,15,20,19,14,134
Kerala,2007,Road Accidents,1501,2486,4064,7433,5865,7854,7083,3575,39861
Kerala,2007,Rail-Road Accidents,8,6,2,0,0,1,4,4,25
Kerala,2007,Other Railway Accidents,14,36,63,42,40,52,52,36,335
Kerala,2008,Road Accidents,836,1356,4278,6871,6077,8426,6768,2626,37238
Kerala,2008,Rail-Road Accidents,0,0,5,4,1,3,5,0,18
Kerala,2008,Other Railway Accidents,33,58,86,61,69,74,87,45,513
Kerala,2009,Road Accidents,664,1283,4468,6606,5648,7755,6762,2271,35457
Kerala,2009,Rail-Road Accidents,0,3,7,8,4,8,12,6,48
Kerala,2009,Other Railway Accidents,31,59,70,58,44,59,73,50,444
Kerala,2010,Road Accidents,892,1271,4127,6328,5380,7838,6864,2382,35082
Kerala,2010,Rail-Road Accidents,0,6,8,5,6,12,14,5,56
Kerala,2010,Other Railway Accidents,27,56,62,49,44,54,94,46,432
Kerala,2011,Road Accidents,595,1265,5051,6119,6393,8071,6335,1387,35216
Kerala,2011,Rail-Road Accidents,1,8,8,4,4,7,10,4,46
Kerala,2011,Other Railway Accidents,27,50,45,31,36,54,81,66,390
Kerala,2012,Road Accidents,583,785,3720,6795,6091,8075,7359,2766,36174
Kerala,2012,Rail-Road Accidents,0,0,0,0,0,0,0,0,0
Kerala,2012,Other Railway Accidents,29,67,108,68,58,80,75,52,537
Madhya Pradesh,2001,Road Accidents,1418,1740,2938,3323,2906,2875,2744,1768,19712
Madhya Pradesh,2001,Rail-Road Accidents,17,20,23,18,16,13,13,12,132
Madhya Pradesh,2001,Other Railway Accidents,101,151,165,170,138,104,135,106,1070
Madhya Pradesh,2002,Road Accidents,1467,2182,3107,3801,3325,3323,3340,2334,22879
Madhya Pradesh,2002,Rail-Road Accidents,3,4,13,11,12,15,22,4,84
Madhya Pradesh,2002,Other Railway Accidents,119,135,190,144,144,137,124,128,1121
Madhya Pradesh,2003,Road Accidents,1872,2165,3138,3798,3397,3128,2896,2222,22616
Madhya Pradesh,2003,Rail-Road Accidents,7,11,12,6,15,11,5,4,71
Madhya Pradesh,2003,Other Railway Accidents,102,151,180,170,192,181,168,118,1262
Madhya Pradesh,2004,Road Accidents,1443,1828,3043,4301,3657,3734,3367,2218,23591
Madhya Pradesh,2004,Rail-Road Accidents,0,2,6,3,3,4,0,0,18
Madhya Pradesh,2004,Other Railway Accidents,69,172,201,180,156,178,163,142,1261
Madhya Pradesh,2005,Road Accidents,1504,1770,2906,3504,3504,3245,3012,2029,21474
Madhya Pradesh,2005,Rail-Road Accidents,1,1,14,9,13,12,2,1,53
Madhya Pradesh,2005,Other Railway Accidents,94,139,187,179,170,172,162,161,1264
Madhya Pradesh,2006,Road Accidents,1652,1719,3541,4160,4198,3875,3522,2371,25038
Madhya Pradesh,2006,Rail-Road Accidents,2,8,11,15,13,14,7,2,72
Madhya Pradesh,2006,Other Railway Accidents,164,195,292,254,239,248,208,195,1795
Madhya Pradesh,2007,Road Accidents,1867,1927,3574,4901,4971,4345,3964,2895,28444
Madhya Pradesh,2007,Rail-Road Accidents,4,7,10,3,7,3,4,4,42
Madhya Pradesh,2007,Other Railway Accidents,120,141,232,195,208,199,194,183,1472
Madhya Pradesh,2008,Road Accidents,2307,2370,4316,5946,5873,5516,4808,3180,34316
Madhya Pradesh,2008,Rail-Road Accidents,6,4,4,3,4,4,3,4,32
Madhya Pradesh,2008,Other Railway Accidents,160,194,226,220,218,199,222,160,1599
Madhya Pradesh,2009,Road Accidents,2275,2408,3807,5467,4996,5157,4896,3326,32332
Madhya Pradesh,2009,Rail-Road Accidents,30,12,16,13,18,11,13,2,115
Madhya Pradesh,2009,Other Railway Accidents,183,153,209,190,201,210,196,172,1514
Madhya Pradesh,2010,Road Accidents,1970,2125,3344,4994,4766,4686,4888,3354,30127
Madhya Pradesh,2010,Rail-Road Accidents,4,7,10,15,11,9,5,1,62
Madhya Pradesh,2010,Other Railway Accidents,167,201,306,261,234,238,188,202,1797
Madhya Pradesh,2011,Road Accidents,2083,2248,3698,4833,4896,4999,4463,3353,30573
Madhya Pradesh,2011,Rail-Road Accidents,7,8,11,6,4,3,13,3,55
Madhya Pradesh,2011,Other Railway Accidents,160,184,253,245,209,199,179,186,1615
Madhya Pradesh,2012,Road Accidents,1664,1873,3785,5082,4969,5035,4240,2525,29173
Madhya Pradesh,2012,Rail-Road Accidents,45,40,39,40,43,35,35,12,289
Madhya Pradesh,2012,Other Railway Accidents,209,257,344,266,261,240,198,199,1974
Maharashtra,2001,Road Accidents,3483,3893,3986,5088,5099,5185,5335,5200,37269
Maharashtra,2001,Rail-Road Accidents,2,3,7,4,3,4,3,3,29
Maharashtra,2001,Other Railway Accidents,515,412,1070,1354,999,975,1168,958,7451
Maharashtra,2002,Road Accidents,3411,3412,4533,5744,5622,5812,5796,5231,39561
Maharashtra,2002,Rail-Road Accidents,9,6,12,9,9,4,13,4,66
Maharashtra,2002,Other Railway Accidents,465,335,1067,1383,1006,1001,1068,972,7297
Maharashtra,2003,Road Accidents,3698,4029,4966,5926,6287,6261,6494,5361,43022
Maharashtra,2003,Rail-Road Accidents,6,3,9,12,11,5,6,3,55
Maharashtra,2003,Other Railway Accidents,476,426,1128,1361,1056,1008,1216,959,7630
Maharashtra,2004,Road Accidents,4082,4352,5077,6115,6380,6559,6542,5432,44539
Maharashtra,2004,Rail-Road Accidents,4,5,7,6,4,4,9,7,46
Maharashtra,2004,Other Railway Accidents,428,336,1215,1415,971,1009,1311,1011,7696
Maharashtra,2005,Road Accidents,4140,4207,5212,6631,6737,6760,7058,5841,46586
Maharashtra,2005,Rail-Road Accidents,2,7,5,9,8,6,4,1,42
Maharashtra,2005,Other Railway Accidents,490,374,1112,1430,914,966,1223,986,7495
Maharashtra,2006,Road Accidents,4653,4724,5569,6498,6735,7013,7393,6302,48887
Maharashtra,2006,Rail-Road Accidents,1,0,3,0,0,4,5,0,13
Maharashtra,2006,Other Railway Accidents,517,384,1194,1494,1070,1065,1350,1136,8210
Maharashtra,2007,Road Accidents,5132,4797,5580,7168,7385,7378,7714,6821,51975
Maharashtra,2007,Rail-Road Accidents,7,7,7,7,8,5,6,5,52
Maharashtra,2007,Other Railway Accidents,511,413,1253,1581,1120,1136,1407,1100,8521
Maharashtra,2008,Road Accidents,4349,4633,5669,6911,7019,7070,7610,6418,49679
Maharashtra,2008,Rail-Road Accidents,0,0,0,0,0,1,0,0,1
Maharashtra,2008,Other Railway Accidents,558,389,1191,1547,1038,1120,1434,1143,8420
Maharashtra,2009,Road Accidents,4400,4469,5451,6974,6718,7046,7592,6215,48865
Maharashtra,2009,Rail-Road Accidents,0,2,6,0,4,3,1,0,16
Maharashtra,2009,Other Railway Accidents,544,405,1085,1433,1190,1112,1276,1181,8226
Maharashtra,2010,Road Accidents,4324,4585,5658,7050,7233,7583,7836,6350,50619
Maharashtra,2010,Rail-Road Accidents,0,2,4,5,2,5,4,3,25
Maharashtra,2010,Other Railway Accidents,581,420,1079,1457,1114,1190,1337,1191,8369
Maharashtra,2011,Road Accidents,4334,4739,5489,6610,6677,7048,6883,5340,47120
Maharashtra,2011,Rail-Road Accidents,5,8,6,5,4,6,10,9,53
Maharashtra,2011,Other Railway Accidents,618,455,1078,1466,1181,1236,1328,1222,8584
Maharashtra,2012,Road Accidents,4125,4655,5239,6093,6176,6857,6668,5434,45247
Maharashtra,2012,Rail-Road Accidents,8,8,8,3,2,3,5,1,38
Maharashtra,2012,Other Railway Accidents,581,465,1169,1474,1135,1235,1397,1108,8564
Manipur,2001,Road Accidents,0,7,82,111,87,87,34,2,410
Manipur,2001,Rail-Road Accidents,0,0,0,0,0,0,0,0,0
Manipur,2001,Other Railway Accidents,0,0,0,0,0,0,0,0,0
Manipur,2002,Road Accidents,0,0,65,161,126,142,21,5,520
Manipur,2002,Rail-Road Accidents,0,0,0,0,0,0,0,0,0
Manipur,2002,Other Railway Accidents,0,0,0,0,0,0,0,0,0
Manipur,2003,Road Accidents,1,18,73,136,92,134,56,13,523
Manipur,2003,Rail-Road Accidents,0,0,0,0,0,0,0,0,0
Manipur,2003,Other Railway Accidents,0,0,0,0,0,0,0,0,0
Manipur,2004,Road Accidents,0,10,50,129,86,115,64,14,468
Manipur,2004,Rail-Road Accidents,0,0,0,0,0,0,0,0,0
Manipur,2004,Other Railway Accidents,0,0,0,0,0,0,0,0,0
Manipur,2005,Road Accidents,13,26,89,110,113,115,103,31,600
Manipur,2005,Rail-Road Accidents,0,0,0,0,0,0,0,0,0
Manipur,2005,Other Railway Accidents,0,0,0,0,0,0,0,0,0
Manipur,2006,Road Accidents,7,27,69,129,114,89,68,18,521
Manipur,2006,Rail-Road Accidents,0,0,0,0,0,0,0,0,0
Manipur,2006,Other Railway Accidents,0,0,0,0,0,0,0,0,0
Manipur,2007,Road Accidents,6,27,70,146,125,89,57,18,538
Manipur,2007,Rail-Road Accidents,0,0,0,0,0,0,0,0,0
Manipur,2007,Other Railway Accidents,0,0,0,0,0,0,0,0,0
Manipur,2008,Road Accidents,11,26,99,134,100,79,41,12,502
Manipur,2008,Rail-Road Accidents,0,0,0,0,0,0,0,0,0
Manipur,2008,Other Railway Accidents,0,0,0,0,0,0,0,0,0
Manipur,2009,Road Accidents,14,24,113,83,93,138,75,38,578
Manipur,2009,Rail-Road Accidents,0,0,0,0,0,0,0,0,0
Manipur,2009,Other Railway Accidents,0,0,0,0,0,0,0,0,0
Manipur,2010,Road Accidents,27,47,75,124,130,116,59,24,602
Manipur,2010,Rail-Road Accidents,0,0,0,0,0,0,0,0,0
Manipur,2010,Other Railway Accidents,0,0,0,0,0,0,0,0,0
Manipur,2011,Road Accidents,26,52,91,123,153,107,105,34,691
Manipur,2011,Rail-Road Accidents,0,0,0,0,0,0,0,0,0
Manipur,2011,Other Railway Accidents,0,0,0,0,0,0,0,0,0
Manipur,2012,Road Accidents,54,75,96,143,126,121,100,56,771
Manipur,2012,Rail-Road Accidents,0,0,0,0,0,0,0,0,0
Manipur,2012,Other Railway Accidents,0,0,0,0,0,0,0,0,0
Meghalaya,2001,Road Accidents,10,11,21,27,26,25,28,13,161
Meghalaya,2001,Rail-Road Accidents,0,0,0,0,0,0,0,0,0
Meghalaya,2001,Other Railway Accidents,0,0,0,0,0,0,0,0,0
Meghalaya,2002,Road Accidents,32,37,57,84,63,74,77,41,465
Meghalaya,2002,Rail-Road Accidents,0,0,0,0,0,0,0,0,0
Meghalaya,2002,Other Railway Accidents,0,0,0,0,0,0,0,0,0
Meghalaya,2003,Road Accidents,43,44,50,54,54,49,41,38,373
Meghalaya,2003,Rail-Road Accidents,0,0,0,0,0,0,0,0,0
Meghalaya,2003,Other Railway Accidents,0,0,0,0,0,0,0,0,0
Meghalaya,2004,Road Accidents,27,39,41,52,40,59,32,38,328
Meghalaya,2004,Rail-Road Accidents,0,0,0,0,0,0,0,0,0
Meghalaya,2004,Other Railway Accidents,0,0,0,0,0,0,0,0,0
Meghalaya,2005,Road Accidents,12,29,42,55,52,50,56,34,330
Meghalaya,2005,Rail-Road Accidents,0,0,0,0,0,0,0,0,0
Meghalaya,2005,Other Railway Accidents,0,0,0,0,0,0,0,0,0
Meghalaya,2006,Road Accidents,4,2,24,22,29,37,36,22,176
Meghalaya,2006,Rail-Road Accidents,0,0,0,0,0,0,0,0,0
Meghalaya,2006,Other Railway Accidents,0,0,0,0,0,0,0,0,0
Meghalaya,2007,Road Accidents,3,5,15,16,15,24,24,55,157
Meghalaya,2007,Rail-Road Accidents,0,0,0,0,0,0,0,0,0
Meghalaya,2007,Other Railway Accidents,0,0,0,0,0,0,0,0,0
Meghalaya,2008,Road Accidents,11,17,23,22,31,26,22,39,191
Meghalaya,2008,Rail-Road Accidents,0,0,0,0,0,0,0,0,0
Meghalaya,2008,Other Railway Accidents,0,0,0,0,0,0,0,0,0
Meghalaya,2009,Road Accidents,17,16,37,48,55,53,48,40,314
Meghalaya,2009,Rail-Road Accidents,0,0,0,0,0,0,0,0,0
Meghalaya,2009,Other Railway Accidents,0,0,0,0,0,0,0,0,0
Meghalaya,2010,Road Accidents,17,21,25,39,49,43,32,31,257
Meghalaya,2010,Rail-Road Accidents,0,0,0,0,0,0,0,0,0
Meghalaya,2010,Other Railway Accidents,0,0,0,0,0,0,0,0,0
Meghalaya,2011,Road Accidents,10,22,37,38,42,47,39,26,261
Meghalaya,2011,Rail-Road Accidents,0,0,0,0,0,0,0,0,0
Meghalaya,2011,Other Railway Accidents,0,0,0,0,0,0,0,0,0
Meghalaya,2012,Road Accidents,25,29,45,61,60,59,39,37,355
Meghalaya,2012,Rail-Road Accidents,0,0,0,0,0,0,0,0,0
Meghalaya,2012,Other Railway Accidents,0,0,0,0,0,0,0,0,0
Mizoram,2001,Road Accidents,5,5,10,12,11,9,14,6,72
Mizoram,2001,Rail-Road Accidents,0,0,0,0,0,0,0,0,0
Mizoram,2001,Other Railway Accidents,0,0,0,0,0,0,0,0,0
Mizoram,2002,Road Accidents,1,5,4,9,8,4,3,7,41
Mizoram,2002,Rail-Road Accidents,0,0,0,0,0,0,0,0,0
Mizoram,2002,Other Railway Accidents,0,0,0,0,0,0,0,0,0
Mizoram,2003,Road Accidents,8,6,8,8,13,8,9,11,71
Mizoram,2003,Rail-Road Accidents,0,0,0,0,0,0,0,0,0
Mizoram,2003,Other Railway Accidents,0,0,0,0,0,0,0,0,0
Mizoram,2004,Road Accidents,2,5,4,6,7,4,3,7,38
Mizoram,2004,Rail-Road Accidents,0,0,0,0,0,0,0,0,0
Mizoram,2004,Other Railway Accidents,0,0,0,0,0,0,0,0,0
Mizoram,2005,Road Accidents,3,2,5,9,15,18,16,3,71
Mizoram,2005,Rail-Road Accidents,0,0,0,0,0,0,0,0,0
Mizoram,2005,Other Railway Accidents,0,0,0,0,0,0,0,0,0
Mizoram,2006,Road Accidents,3,9,7,10,7,13,13,10,72
Mizoram,2006,Rail-Road Accidents,0,0,0,0,0,0,0,0,0
Mizoram,2006,Other Railway Accidents,0,0,0,0,0,0,0,0,0
Mizoram,2007,Road Accidents,1,1,3,9,14,15,8,1,52
Mizoram,2007,Rail-Road Accidents,0,0,0,0,0,0,0,0,0
Mizoram,2007,Other Railway Accidents,0,0,0,0,0,0,0,0,0
Mizoram,2008,Road Accidents,12,9,9,12,9,12,16,8,87
Mizoram,2008,Rail-Road Accidents,0,0,0,0,0,0,0,0,0
Mizoram,2008,Other Railway Accidents,0,0,0,0,0,0,0,0,0
Mizoram,2009,Road Accidents,9,7,9,4,7,4,16,15,71
Mizoram,2009,Rail-Road Accidents,0,0,0,0,0,0,0,0,0
Mizoram,2009,Other Railway Accidents,0,0,0,0,0,0,0,0,0
Mizoram,2010,Road Accidents,14,13,24,12,13,16,20,13,125
Mizoram,2010,Rail-Road Accidents,0,0,0,0,0,0,0,0,0
Mizoram,2010,Other Railway Accidents,0,0,0,0,0,0,0,0,0
Mizoram,2011,Road Accidents,5,3,10,9,8,24,20,18,97
Mizoram,2011,Rail-Road Accidents,0,0,0,0,0,0,0,0,0
Mizoram,2011,Other Railway Accidents,0,0,0,0,0,0,0,0,0
Mizoram,2012,Road Accidents,2,11,16,26,15,24,9,7,110
Mizoram,2012,Rail-Road Accidents,0,0,0,0,0,0,0,0,0
Mizoram,2012,Other Railway Accidents,0,0,0,0,0,0,0,0,0
Nagaland,2001,Road Accidents,0,1,3,3,9,21,19,4,60
Nagaland,2001,Rail-Road Accidents,0,0,0,0,0,0,0,0,0
Nagaland,2001,Other Railway Accidents,0,0,3,1,0,0,0,0,4
Nagaland,2002,Road Accidents,2,4,4,7,4,9,3,1,34
Nagaland,2002,Rail-Road Accidents,0,0,0,0,0,0,0,0,0
Nagaland,2002,Other Railway Accidents,1,2,2,0,0,0,1,0,6
Nagaland,2003,Road Accidents,1,2,8,11,7,11,13,3,56
Nagaland,2003,Rail-Road Accidents,0,0,0,0,0,0,0,0,0
Nagaland,2003,Other Railway Accidents,0,0,2,0,1,2,0,0,5
Nagaland,2004,Road Accidents,3,2,7,17,9,15,11,4,68
Nagaland,2004,Rail-Road Accidents,0,0,0,0,0,0,0,0,0
Nagaland,2004,Other Railway Accidents,0,0,1,0,0,0,0,0,1
Nagaland,2005,Road Accidents,3,1,6,12,13,9,7,2,53
Nagaland,2005,Rail-Road Accidents,0,0,0,0,0,0,0,0,0
Nagaland,2005,Other Railway Accidents,0,0,0,0,0,0,0,0,0
Nagaland,2006,Road Accidents,4,5,10,17,10,15,11,5,77
Nagaland,2006,Rail-Road Accidents,0,0,0,0,0,0,0,0,0
Nagaland,2006,Other Railway Accidents,0,0,0,0,0,0,0,0,0
Nagaland,2007,Road Accidents,4,2,13,15,18,6,10,7,75
Nagaland,2007,Rail-Road Accidents,0,0,0,0,0,0,0,0,0
Nagaland,2007,Other Railway Accidents,0,0,0,0,0,0,0,0,0
Nagaland,2008,Road Accidents,0,2,12,18,28,28,26,12,126
Nagaland,2008,Rail-Road Accidents,0,0,0,0,0,2,0,0,2
Nagaland,2008,Other Railway Accidents,0,0,2,2,2,2,0,2,10
Nagaland,2009,Road Accidents,1,2,7,5,11,10,3,8,47
Nagaland,2009,Rail-Road Accidents,0,0,0,0,0,0,0,0,0
Nagaland,2009,Other Railway Accidents,0,0,0,0,0,0,0,0,0
Nagaland,2010,Road Accidents,0,1,6,4,13,9,3,8,44
Nagaland,2010,Rail-Road Accidents,0,0,0,0,0,0,0,0,0
Nagaland,2010,Other Railway Accidents,0,0,0,0,0,0,0,0,0
Nagaland,2011,Road Accidents,2,4,2,4,6,8,3,3,32
Nagaland,2011,Rail-Road Accidents,1,0,0,1,0,1,0,0,3
Nagaland,2011,Other Railway Accidents,0,0,0,0,0,0,0,0,0
Nagaland,2012,Road Accidents,6,0,3,4,7,6,7,9,42
Nagaland,2012,Rail-Road Accidents,0,0,0,0,0,0,0,0,0
Nagaland,2012,Other Railway Accidents,0,0,0,0,0,0,0,0,0
Odisha,2001,Road Accidents,517,811,1153,1005,797,781,715,627,6406
Odisha,2001,Rail-Road Accidents,0,0,3,1,1,1,0,0,6
Odisha,2001,Other Railway Accidents,20,29,54,58,46,58,35,39,339
Odisha,2002,Road Accidents,480,722,1086,1132,933,941,921,635,6850
Odisha,2002,Rail-Road Accidents,1,1,1,0,0,0,1,2,6
Odisha,2002,Other Railway Accidents,22,32,66,51,53,47,55,15,341
Odisha,2003,Road Accidents,427,949,1113,1020,756,863,900,647,6675
Odisha,2003,Rail-Road Accidents,0,0,2,0,0,0,2,0,4
Odisha,2003,Other Railway Accidents,28,28,61,69,69,72,49,31,407
Odisha,2004,Road Accidents,506,805,943,1126,844,1168,1097,789,7278
Odisha,2004,Rail-Road Accidents,0,0,0,1,0,0,0,0,1
Odisha,2004,Other Railway Accidents,18,43,36,108,53,51,49,26,384
Odisha,2005,Road Accidents,478,810,1002,1317,981,1251,1127,627,7593
Odisha,2005,Rail-Road Accidents,0,0,0,0,1,1,1,0,3
Odisha,2005,Other Railway Accidents,42,35,56,67,65,58,64,65,452
Odisha,2006,Road Accidents,547,999,986,1259,932,1230,1038,738,7729
Odisha,2006,Rail-Road Accidents,10,25,17,20,13,20,32,29,166
Odisha,2006,Other Railway Accidents,31,27,35,71,55,39,40,43,341
Odisha,2007,Road Accidents,632,904,1065,1454,951,1324,1060,824,8214
Odisha,2007,Rail-Road Accidents,20,0,15,41,1,45,21,10,153
Odisha,2007,Other Railway Accidents,31,22,56,70,38,31,25,22,295
Odisha,2008,Road Accidents,595,858,1076,1371,1075,1371,1033,805,8184
Odisha,2008,Rail-Road Accidents,21,27,67,94,56,65,38,31,399
Odisha,2008,Other Railway Accidents,3,6,5,5,3,2,1,0,25
Odisha,2009,Road Accidents,608,836,1046,1501,1218,1433,1313,937,8892
Odisha,2009,Rail-Road Accidents,16,18,8,13,14,13,21,47,150
Odisha,2009,Other Railway Accidents,20,31,47,49,34,44,32,28,285
Odisha,2010,Road Accidents,724,928,1031,1504,1349,1492,1416,969,9413
Odisha,2010,Rail-Road Accidents,33,33,29,28,33,45,46,45,292
Odisha,2010,Other Railway Accidents,2,2,12,8,1,7,3,1,36
Odisha,2011,Road Accidents,756,1015,1043,1442,1179,1516,1390,1057,9398
Odisha,2011,Rail-Road Accidents,26,24,22,18,26,28,29,45,218
Odisha,2011,Other Railway Accidents,14,12,16,19,18,12,19,90,200
Odisha,2012,Road Accidents,978,1289,950,1189,1096,1261,1509,1013,9285
Odisha,2012,Rail-Road Accidents,47,50,50,33,74,55,49,46,404
Odisha,2012,Other Railway Accidents,1,7,12,3,2,7,5,5,42
Punjab,2001,Road Accidents,167,185,219,271,233,252,285,196,1808
Punjab,2001,Rail-Road Accidents,0,4,7,4,6,3,4,2,30
Punjab,2001,Other Railway Accidents,18,96,82,125,68,73,86,24,572
Punjab,2002,Road Accidents,163,170,185,197,191,196,205,201,1508
Punjab,2002,Rail-Road Accidents,0,2,4,0,2,3,4,2,17
Punjab,2002,Other Railway Accidents,30,45,51,49,44,46,62,44,371
Punjab,2003,Road Accidents,140,199,207,221,167,202,247,220,1603
Punjab,2003,Rail-Road Accidents,2,1,1,1,2,3,2,0,12
Punjab,2003,Other Railway Accidents,53,62,143,112,88,95,77,71,701
Punjab,2004,Road Accidents,189,248,250,270,222,273,333,251,2036
Punjab,2004,Rail-Road Accidents,0,2,1,4,2,3,2,2,16
Punjab,2004,Other Railway Accidents,48,49,160,134,83,70,75,63,682
Punjab,2005,Road Accidents,200,262,264,285,235,289,352,265,2152
Punjab,2005,Rail-Road Accidents,0,0,0,0,0,0,0,0,0
Punjab,2005,Other Railway Accidents,2,1,5,4,2,2,2,2,20
Punjab,2006,Road Accidents,209,164,278,360,264,325,404,247,2251
Punjab,2006,Rail-Road Accidents,0,0,3,2,2,1,3,3,14
Punjab,2006,Other Railway Accidents,45,69,161,132,89,91,114,79,780
Punjab,2007,Road Accidents,192,217,329,361,291,324,408,269,2391
Punjab,2007,Rail-Road Accidents,0,0,2,3,4,3,6,3,21
Punjab,2007,Other Railway Accidents,30,45,122,189,81,98,80,41,686
Punjab,2008,Road Accidents,181,267,344,337,256,322,436,251,2394
Punjab,2008,Rail-Road Accidents,1,2,1,1,2,2,3,3,15
Punjab,2008,Other Railway Accidents,38,109,150,165,107,103,108,80,860
Punjab,2009,Road Accidents,197,282,394,369,298,385,489,270,2684
Punjab,2009,Rail-Road Accidents,0,0,1,6,4,2,2,1,16
Punjab,2009,Other Railway Accidents,67,61,141,149,107,90,129,88,832
Punjab,2010,Road Accidents,205,280,347,380,255,327,418,227,2439
Punjab,2010,Rail-Road Accidents,2,2,1,3,2,1,3,0,14
Punjab,2010,Other Railway Accidents,116,88,168,132,116,114,113,102,949
Punjab,2011,Road Accidents,379,582,896,979,861,922,1266,611,6496
Punjab,2011,Rail-Road Accidents,0,0,4,3,5,4,1,0,17
Punjab,2011,Other Railway Accidents,36,59,204,171,130,122,128,84,934
Punjab,2012,Road Accidents,349,537,824,887,866,1089,1091,685,6328
Punjab,2012,Rail-Road Accidents,0,3,4,0,2,1,3,0,13
Punjab,2012,Other Railway Accidents,36,62,189,172,133,136,128,84,940
Rajasthan,2001,Road Accidents,1390,2344,2880,2895,3024,3170,2690,1606,19999
Rajasthan,2001,Rail-Road Accidents,0,6,7,3,3,3,6,1,29
Rajasthan,2001,Other Railway Accidents,38,52,70,44,41,63,93,48,449
Rajasthan,2002,Road Accidents,1419,1996,2657,3190,2906,3372,3087,1944,20571
Rajasthan,2002,Rail-Road Accidents,1,3,2,3,3,1,2,2,17
Rajasthan,2002,Other Railway Accidents,16,29,39,33,31,42,24,18,232
Rajasthan,2003,Road Accidents,1359,1768,3264,3709,3236,3615,3013,1969,21933
Rajasthan,2003,Rail-Road Accidents,1,2,0,0,0,0,0,0,3
Rajasthan,2003,Other Railway Accidents,26,58,34,33,31,24,37,21,264
Rajasthan,2004,Road Accidents,1263,1841,3134,3808,3282,3999,3818,2098,23243
Rajasthan,2004,Rail-Road Accidents,4,4,3,0,0,2,0,0,13
Rajasthan,2004,Other Railway Accidents,38,43,32,30,27,40,32,36,278
Rajasthan,2005,Road Accidents,1271,1895,3243,3645,3559,3792,3721,1989,23115
Rajasthan,2005,Rail-Road Accidents,0,12,24,11,9,8,0,0,64
Rajasthan,2005,Other Railway Accidents,28,36,33,55,34,29,43,21,279
Rajasthan,2006,Road Accidents,1171,1634,2874,3814,3795,4159,3948,1953,23348
Rajasthan,2006,Rail-Road Accidents,0,7,0,4,2,10,6,1,30
Rajasthan,2006,Other Railway Accidents,24,40,47,48,20,26,31,21,257
Rajasthan,2007,Road Accidents,1359,1735,3078,4064,3672,3658,3698,2621,23885
Rajasthan,2007,Rail-Road Accidents,1,4,11,13,11,10,4,0,54
Rajasthan,2007,Other Railway Accidents,14,28,36,51,32,37,50,25,273
Rajasthan,2008,Road Accidents,1399,1654,3048,3670,3630,3875,3775,2653,23704
Rajasthan,2008,Rail-Road Accidents,0,4,2,0,3,1,3,3,16
Rajasthan,2008,Other Railway Accidents,18,30,57,45,49,47,46,32,324
Rajasthan,2009,Road Accidents,1426,1825,2933,3666,3908,4291,4389,2676,25114
Rajasthan,2009,Rail-Road Accidents,3,1,0,1,6,3,1,5,20
Rajasthan,2009,Other Railway Accidents,31,47,53,52,66,52,35,32,368
Rajasthan,2010,Road Accidents,1558,1869,2862,3391,3793,4335,4133,2361,24302
Rajasthan,2010,Rail-Road Accidents,0,4,3,3,9,2,0,0,21
Rajasthan,2010,Other Railway Accidents,21,41,54,46,40,44,42,40,328
Rajasthan,2011,Road Accidents,1358,2152,2576,3216,3693,4125,3913,2212,23245
Rajasthan,2011,Rail-Road Accidents,0,0,1,0,2,0,0,0,3
Rajasthan,2011,Other Railway Accidents,18,33,55,56,41,42,41,27,313
Rajasthan,2012,Road Accidents,1094,1729,2589,3434,3709,4191,3912,2311,22969
Rajasthan,2012,Rail-Road Accidents,0,0,3,1,1,2,0,0,7
Rajasthan,2012,Other Railway Accidents,18,41,51,61,47,47,53,23,341
Sikkim,2001,Road Accidents,0,2,11,8,15,6,10,3,55
Sikkim,2001,Rail-Road Accidents,0,0,0,0,0,0,0,0,0
Sikkim,2001,Other Railway Accidents,0,0,0,0,0,0,0,0,0
Sikkim,2002,Road Accidents,0,0,169,0,126,0,56,0,351
Sikkim,2002,Rail-Road Accidents,0,0,0,0,0,0,0,0,0
Sikkim,2002,Other Railway Accidents,0,0,0,0,0,0,0,0,0
Sikkim,2003,Road Accidents,0,0,14,24,14,35,37,7,131
Sikkim,2003,Rail-Road Accidents,0,0,0,0,0,0,0,0,0
Sikkim,2003,Other Railway Accidents,0,0,0,0,0,0,0,0,0
Sikkim,2004,Road Accidents,0,12,18,24,34,31,33,7,159
Sikkim,2004,Rail-Road Accidents,0,0,0,0,0,0,0,0,0
Sikkim,2004,Other Railway Accidents,0,0,0,0,0,0,0,0,0
Sikkim,2005,Road Accidents,5,11,35,32,29,42,20,15,189
Sikkim,2005,Rail-Road Accidents,0,0,0,0,0,0,0,0,0
Sikkim,2005,Other Railway Accidents,0,0,0,0,0,0,0,0,0
Sikkim,2006,Road Accidents,1,5,6,3,8,8,5,3,39
Sikkim,2006,Rail-Road Accidents,0,0,0,0,0,0,0,0,0
Sikkim,2006,Other Railway Accidents,0,0,0,0,0,0,0,0,0
Sikkim,2007,Road Accidents,6,3,19,25,39,34,16,8,150
Sikkim,2007,Rail-Road Accidents,0,0,0,0,0,0,0,0,0
Sikkim,2007,Other Railway Accidents,0,0,0,0,0,0,0,0,0
Sikkim,2008,Road Accidents,6,19,26,34,46,30,22,13,196
Sikkim,2008,Rail-Road Accidents,0,0,0,0,0,0,0,0,0
Sikkim,2008,Other Railway Accidents,0,0,0,0,0,0,0,0,0
Sikkim,2009,Road Accidents,49,56,58,107,87,127,51,29,564
Sikkim,2009,Rail-Road Accidents,0,0,0,0,0,0,0,0,0
Sikkim,2009,Other Railway Accidents,0,0,0,0,0,0,0,0,0
Sikkim,2010,Road Accidents,6,10,18,38,19,28,28,39,186
Sikkim,2010,Rail-Road Accidents,0,0,0,0,0,0,0,0,0
Sikkim,2010,Other Railway Accidents,0,0,0,0,0,0,0,0,0
Sikkim,2011,Road Accidents,10,12,17,19,16,17,21,17,129
Sikkim,2011,Rail-Road Accidents,0,0,0,0,0,0,0,0,0
Sikkim,2011,Other Railway Accidents,0,0,0,0,0,0,0,0,0
Sikkim,2012,Road Accidents,0,18,12,20,8,11,27,27,123
Sikkim,2012,Rail-Road Accidents,0,0,0,0,0,0,0,0,0
Sikkim,2012,Other Railway Accidents,0,0,0,0,0,0,0,0,0
Tamil Nadu,2001,Road Accidents,4020,4672,7280,7775,7770,7887,7495,5079,51978
Tamil Nadu,2001,Rail-Road Accidents,16,34,104,157,43,56,178,29,617
Tamil Nadu,2001,Other Railway Accidents,0,0,1,1,0,0,1,2,5
Tamil Nadu,2002,Road Accidents,5060,4939,7072,7806,7269,8181,7530,5646,53503
Tamil Nadu,2002,Rail-Road Accidents,17,22,30,23,29,20,45,30,216
Tamil Nadu,2002,Other Railway Accidents,0,0,0,0,0,0,0,0,0
Tamil Nadu,2003,Road Accidents,4174,4805,6660,7648,6944,7809,7246,5739,51025
Tamil Nadu,2003,Rail-Road Accidents,22,17,30,25,33,32,29,36,224
Tamil Nadu,2003,Other Railway Accidents,0,0,0,0,0,0,0,0,0
Tamil Nadu,2004,Road Accidents,3857,4660,6556,8099,7545,8098,7791,5902,52508
Tamil Nadu,2004,Rail-Road Accidents,19,22,29,33,24,40,34,27,228
Tamil Nadu,2004,Other Railway Accidents,0,0,0,0,0,0,0,0,0
Tamil Nadu,2005,Road Accidents,6020,6545,8236,14568,11089,13789,8765,6468,75480
Tamil Nadu,2005,Rail-Road Accidents,1,4,6,5,2,0,0,0,18
Tamil Nadu,2005,Other Railway Accidents,0,0,0,0,0,0,0,0,0
Tamil Nadu,2006,Road Accidents,5180,6046,6784,7200,7241,7997,7896,6801,55145
Tamil Nadu,2006,Rail-Road Accidents,0,25,23,21,0,0,0,5,74
Tamil Nadu,2006,Other Railway Accidents,92,55,219,216,87,267,342,280,1558
Tamil Nadu,2007,Road Accidents,5773,4850,5948,6938,8175,9777,9690,7966,59117
Tamil Nadu,2007,Rail-Road Accidents,0,4,5,6,0,0,0,8,23
Tamil Nadu,2007,Other Railway Accidents,146,86,345,340,137,421,538,441,2454
Tamil Nadu,2008,Road Accidents,5898,4956,6078,7090,8354,9991,9902,8140,60409
Tamil Nadu,2008,Rail-Road Accidents,0,2,5,6,0,0,0,8,21
Tamil Nadu,2008,Other Railway Accidents,93,55,221,218,88,270,345,282,1572
Tamil Nadu,2009,Road Accidents,4201,4520,7118,8662,8749,10262,6918,10364,60794
Tamil Nadu,2009,Rail-Road Accidents,0,1,3,3,6,7,6,0,26
Tamil Nadu,2009,Other Railway Accidents,88,122,314,326,215,199,213,136,1613
Tamil Nadu,2010,Road Accidents,3376,5141,7896,9021,9526,10756,11881,7399,64996
Tamil Nadu,2010,Rail-Road Accidents,1,0,3,4,1,7,2,2,20
Tamil Nadu,2010,Other Railway Accidents,63,91,406,381,253,249,220,151,1814
Tamil Nadu,2011,Road Accidents,3716,4915,7542,9319,9579,11485,11915,7402,65873
Tamil Nadu,2011,Rail-Road Accidents,1,0,3,2,6,1,3,1,17
Tamil Nadu,2011,Other Railway Accidents,76,114,347,474,208,232,221,158,1830
Tamil Nadu,2012,Road Accidents,3199,4560,8241,9490,9806,11905,13020,7536,67757
Tamil Nadu,2012,Rail-Road Accidents,1,2,4,6,4,3,1,0,21
Tamil Nadu,2012,Other Railway Accidents,88,167,436,451,259,247,267,200,2115
Tripura,2001,Road Accidents,4,8,79,198,106,119,22,8,544
Tripura,2001,Rail-Road Accidents,0,0,0,0,0,0,0,0,0
Tripura,2001,Other Railway Accidents,0,0,0,0,0,0,0,0,0
Tripura,2002,Road Accidents,0,0,84,164,82,122,113,59,624
Tripura,2002,Rail-Road Accidents,0,0,0,0,0,0,0,0,0
Tripura,2002,Other Railway Accidents,0,0,1,0,0,0,0,0,1
Tripura,2003,Road Accidents,1,1,99,174,152,163,73,13,676
Tripura,2003,Rail-Road Accidents,0,0,0,0,0,0,0,0,0
Tripura,2003,Other Railway Accidents,0,0,0,0,0,0,0,0,0
Tripura,2004,Road Accidents,0,10,112,159,106,130,88,40,645
Tripura,2004,Rail-Road Accidents,0,0,0,0,0,0,0,0,0
Tripura,2004,Other Railway Accidents,0,0,0,0,0,0,0,0,0
Tripura,2005,Road Accidents,11,3,90,185,142,145,76,10,662
Tripura,2005,Rail-Road Accidents,0,0,0,0,0,0,0,0,0
Tripura,2005,Other Railway Accidents,0,0,0,0,0,0,0,0,0
Tripura,2006,Road Accidents,12,34,191,219,184,90,42,21,793
Tripura,2006,Rail-Road Accidents,0,0,0,0,0,0,0,0,0
Tripura,2006,Other Railway Accidents,0,0,0,0,0,0,0,0,0
Tripura,2007,Road Accidents,7,5,165,199,213,132,59,21,801
Tripura,2007,Rail-Road Accidents,0,0,0,0,0,0,0,0,0
Tripura,2007,Other Railway Accidents,0,0,0,0,0,0,0,0,0
Tripura,2008,Road Accidents,17,26,78,187,166,143,114,36,767
Tripura,2008,Rail-Road Accidents,0,0,0,0,0,0,0,0,0
Tripura,2008,Other Railway Accidents,0,0,0,0,0,0,0,0,0
Tripura,2009,Road Accidents,10,13,101,179,185,215,105,57,865
Tripura,2009,Rail-Road Accidents,0,0,0,0,0,0,0,0,0
Tripura,2009,Other Railway Accidents,0,0,0,5,0,3,0,0,8
Tripura,2010,Road Accidents,8,17,113,205,175,183,130,70,901
Tripura,2010,Rail-Road Accidents,1,1,1,0,2,0,1,0,6
Tripura,2010,Other Railway Accidents,0,0,1,0,0,0,1,0,2
Tripura,2011,Road Accidents,4,13,88,157,194,183,141,54,834
Tripura,2011,Rail-Road Accidents,0,0,0,0,0,0,0,0,0
Tripura,2011,Other Railway Accidents,0,0,0,0,0,0,0,0,0
Tripura,2012,Road Accidents,10,18,88,195,160,205,147,65,888
Tripura,2012,Rail-Road Accidents,0,0,0,0,0,0,0,0,0
Tripura,2012,Other Railway Accidents,0,0,0,0,0,0,0,0,0
Uttar Pradesh,2001,Road Accidents,2324,3659,2336,2243,1971,2075,2002,1311,17921
Uttar Pradesh,2001,Rail-Road Accidents,24,39,47,37,25,38,23,34,267
Uttar Pradesh,2001,Other Railway Accidents,127,186,224,192,189,144,172,125,1359
Uttar Pradesh,2002,Road Accidents,1444,1716,1440,2197,2015,2098,2072,1475,14457
Uttar Pradesh,2002,Rail-Road Accidents,32,30,44,38,33,41,37,38,293
Uttar Pradesh,2002,Other Railway Accidents,175,217,223,226,150,150,142,191,1474
Uttar Pradesh,2003,Road Accidents,1087,1322,1764,1721,1365,1448,1497,1150,11354
Uttar Pradesh,2003,Rail-Road Accidents,18,37,33,50,36,45,29,33,281
Uttar Pradesh,2003,Other Railway Accidents,253,298,317,309,322,310,310,202,2321
Uttar Pradesh,2004,Road Accidents,1262,1645,1970,2000,1838,1933,2072,1654,14374
Uttar Pradesh,2004,Rail-Road Accidents,69,64,79,60,58,67,78,88,563
Uttar Pradesh,2004,Other Railway Accidents,249,331,356,360,292,289,293,280,2450
Uttar Pradesh,2005,Road Accidents,1226,1598,2145,2233,1956,2052,1951,1528,14689
Uttar Pradesh,2005,Rail-Road Accidents,15,26,25,38,28,20,57,35,244
Uttar Pradesh,2005,Other Railway Accidents,268,365,269,227,169,285,362,307,2252
Uttar Pradesh,2006,Road Accidents,1860,1731,2252,2506,1951,2189,2035,1683,16207
Uttar Pradesh,2006,Rail-Road Accidents,204,77,87,92,69,83,102,100,814
Uttar Pradesh,2006,Other Railway Accidents,244,330,305,261,152,285,292,289,2158
Uttar Pradesh,2007,Road Accidents,1615,1793,2790,2835,2282,2509,2351,1856,18031
Uttar Pradesh,2007,Rail-Road Accidents,20,18,58,46,16,21,34,14,227
Uttar Pradesh,2007,Other Railway Accidents,254,369,359,339,354,298,325,287,2585
Uttar Pradesh,2008,Road Accidents,1791,2236,2572,2723,2467,2672,2592,2011,19064
Uttar Pradesh,2008,Rail-Road Accidents,57,68,166,142,123,104,77,69,806
Uttar Pradesh,2008,Other Railway Accidents,350,504,463,435,413,365,289,208,3027
Uttar Pradesh,2009,Road Accidents,2219,2894,1338,3478,2989,3074,3404,2589,21985
Uttar Pradesh,2009,Rail-Road Accidents,128,146,170,156,168,149,148,197,1262
Uttar Pradesh,2009,Other Railway Accidents,222,428,394,400,311,286,321,311,2673
Uttar Pradesh,2010,Road Accidents,2232,2924,3602,3588,3208,3194,3573,3095,25416
Uttar Pradesh,2010,Rail-Road Accidents,127,142,122,83,74,84,100,103,835
Uttar Pradesh,2010,Other Railway Accidents,332,570,485,380,361,318,373,324,3143
Uttar Pradesh,2011,Road Accidents,2096,3012,3009,3501,3137,3450,3617,2691,24513
Uttar Pradesh,2011,Rail-Road Accidents,47,79,79,76,70,39,48,45,483
Uttar Pradesh,2011,Other Railway Accidents,405,724,583,465,489,424,429,419,3938
Uttar Pradesh,2012,Road Accidents,1994,2708,3424,3600,3128,3619,3620,2385,24478
Uttar Pradesh,2012,Rail-Road Accidents,40,65,81,72,78,58,66,43,503
Uttar Pradesh,2012,Other Railway Accidents,430,653,466,426,363,332,330,353,3353
Uttarakhand,2001,Road Accidents,94,152,138,130,124,118,141,106,1003
Uttarakhand,2001,Rail-Road Accidents,2,2,3,2,0,0,0,0,9
Uttarakhand,2001,Other Railway Accidents,0,0,2,3,1,2,0,0,8
Uttarakhand,2002,Road Accidents,33,65,153,231,222,240,104,69,1117
Uttarakhand,2002,Rail-Road Accidents,0,0,0,0,0,0,0,0,0
Uttarakhand,2002,Other Railway Accidents,4,8,13,8,9,3,5,1,51
Uttarakhand,2003,Road Accidents,47,40,143,259,264,194,156,83,1186
Uttarakhand,2003,Rail-Road Accidents,1,2,2,3,1,4,1,0,14
Uttarakhand,2003,Other Railway Accidents,5,9,8,3,1,1,4,2,33
Uttarakhand,2004,Road Accidents,49,38,152,214,247,281,178,93,1252
Uttarakhand,2004,Rail-Road Accidents,0,0,0,0,0,0,0,0,0
Uttarakhand,2004,Other Railway Accidents,0,5,3,0,0,0,2,0,10
Uttarakhand,2005,Road Accidents,36,45,146,234,268,252,228,123,1332
Uttarakhand,2005,Rail-Road Accidents,0,0,0,0,0,0,0,0,0
Uttarakhand,2005,Other Railway Accidents,0,2,5,6,3,3,4,0,23
Uttarakhand,2006,Road Accidents,39,44,187,245,268,299,238,141,1461
Uttarakhand,2006,Rail-Road Accidents,0,2,2,0,0,0,1,0,5
Uttarakhand,2006,Other Railway Accidents,10,11,12,9,11,9,11,5,78
Uttarakhand,2007,Road Accidents,42,53,226,303,336,241,197,124,1522
Uttarakhand,2007,Rail-Road Accidents,0,0,1,2,2,2,0,0,7
Uttarakhand,2007,Other Railway Accidents,1,3,8,10,6,9,8,3,48
Uttarakhand,2008,Road Accidents,73,86,173,209,237,271,213,147,1409
Uttarakhand,2008,Rail-Road Accidents,0,0,0,0,0,7,1,0,8
Uttarakhand,2008,Other Railway Accidents,6,7,4,1,2,1,1,2,24
Uttarakhand,2009,Road Accidents,47,67,210,254,234,284,186,101,1383
Uttarakhand,2009,Rail-Road Accidents,0,2,7,5,4,4,2,0,24
Uttarakhand,2009,Other Railway Accidents,0,8,6,10,12,18,3,1,58
Uttarakhand,2010,Road Accidents,51,107,179,214,275,308,202,143,1479
Uttarakhand,2010,Rail-Road Accidents,0,2,2,4,2,2,2,0,14
Uttarakhand,2010,Other Railway Accidents,1,2,4,3,2,1,4,3,20
Uttarakhand,2011,Road Accidents,35,43,183,288,280,288,241,137,1495
Uttarakhand,2011,Rail-Road Accidents,0,1,1,2,1,0,0,0,5
Uttarakhand,2011,Other Railway Accidents,10,0,6,5,4,5,14,10,54
Uttarakhand,2012,Road Accidents,36,80,171,283,205,275,308,97,1455
Uttarakhand,2012,Rail-Road Accidents,0,4,2,1,1,2,2,5,17
Uttarakhand,2012,Other Railway Accidents,1,10,9,12,7,7,12,12,70
West Bengal,2001,Road Accidents,832,1161,1372,1862,1759,1677,1808,959,11430
West Bengal,2001,Rail-Road Accidents,0,1,6,0,8,7,3,2,27
West Bengal,2001,Other Railway Accidents,106,202,444,395,350,362,371,267,2497
West Bengal,2002,Road Accidents,776,1240,1461,1907,1782,1497,1549,1025,11237
West Bengal,2002,Rail-Road Accidents,0,0,0,0,0,2,0,1,3
West Bengal,2002,Other Railway Accidents,218,275,375,386,358,325,322,276,2535
West Bengal,2003,Road Accidents,726,1182,1442,1989,1726,1644,1624,1042,11375
West Bengal,2003,Rail-Road Accidents,20,18,24,29,19,32,29,23,194
West Bengal,2003,Other Railway Accidents,243,246,359,337,322,274,239,197,2217
West Bengal,2004,Road Accidents,1117,1388,1582,2061,1774,1848,1258,1124,12152
West Bengal,2004,Rail-Road Accidents,88,143,114,134,147,159,158,124,1067
West Bengal,2004,Other Railway Accidents,35,145,206,146,116,225,209,103,1185
West Bengal,2005,Road Accidents,1067,1284,1626,2005,1709,1846,1629,1015,12181
West Bengal,2005,Rail-Road Accidents,144,141,127,162,153,138,133,130,1128
West Bengal,2005,Other Railway Accidents,145,166,402,314,276,408,266,136,2113
West Bengal,2006,Road Accidents,1143,1470,1772,2033,1897,1929,1825,1016,13085
West Bengal,2006,Rail-Road Accidents,100,85,40,48,52,70,90,88,573
West Bengal,2006,Other Railway Accidents,198,250,194,213,181,245,375,306,1962
West Bengal,2007,Road Accidents,1203,1567,1621,2179,2106,2201,1752,1325,13954
West Bengal,2007,Rail-Road Accidents,178,156,92,115,99,125,162,135,1062
West Bengal,2007,Other Railway Accidents,173,237,191,215,171,199,272,384,1842
West Bengal,2008,Road Accidents,888,1150,1600,1960,1756,1689,1554,950,11547
West Bengal,2008,Rail-Road Accidents,79,79,60,78,69,76,103,62,606
West Bengal,2008,Other Railway Accidents,141,198,307,303,231,229,304,177,1890
West Bengal,2009,Road Accidents,942,1353,1771,2427,2158,2256,1791,1261,13959
West Bengal,2009,Rail-Road Accidents,2,4,2,4,4,3,0,1,20
West Bengal,2009,Other Railway Accidents,130,310,372,504,388,312,361,225,2602
West Bengal,2010,Road Accidents,1241,1397,1721,2508,2272,2296,1831,1459,14725
West Bengal,2010,Rail-Road Accidents,0,0,0,0,0,0,0,0,0
West Bengal,2010,Other Railway Accidents,144,327,442,352,365,358,407,251,2646
West Bengal,2011,Road Accidents,1200,1493,1687,2553,2182,2196,1812,1345,14468
West Bengal,2011,Rail-Road Accidents,32,131,77,63,61,52,60,40,516
West Bengal,2011,Other Railway Accidents,123,323,400,310,283,293,394,238,2364
West Bengal,2012,Road Accidents,1346,1511,1837,2831,2328,2268,1966,1521,15608
West Bengal,2012,Rail-Road Accidents,0,4,0,3,1,2,5,0,15
West Bengal,2012,Other Railway Accidents,146,347,435,365,325,331,417,262,2628
A & N Islands,2001,Road Accidents,2,6,29,40,39,40,18,7,181
A & N Islands,2001,Rail-Road Accidents,0,0,0,0,0,0,0,0,0
A & N Islands,2001,Other Railway Accidents,0,0,0,0,0,0,0,0,0
A & N Islands,2002,Road Accidents,2,6,22,41,33,33,23,8,168
A & N Islands,2002,Rail-Road Accidents,0,0,0,0,0,0,0,0,0
A & N Islands,2002,Other Railway Accidents,0,0,0,0,0,0,0,0,0
A & N Islands,2003,Road Accidents,2,8,31,35,28,36,25,15,180
A & N Islands,2003,Rail-Road Accidents,0,0,0,0,0,0,0,0,0
A & N Islands,2003,Other Railway Accidents,0,0,0,0,0,0,0,0,0
A & N Islands,2004,Road Accidents,2,5,29,42,43,43,37,14,215
A & N Islands,2004,Rail-Road Accidents,0,0,0,0,0,0,0,0,0
A & N Islands,2004,Other Railway Accidents,0,0,0,0,0,0,0,0,0
A & N Islands,2005,Road Accidents,0,8,27,28,38,42,50,13,206
A & N Islands,2005,Rail-Road Accidents,0,0,0,0,0,0,0,0,0
A & N Islands,2005,Other Railway Accidents,0,0,0,0,0,0,0,0,0
A & N Islands,2006,Road Accidents,1,3,17,33,33,23,38,7,155
A & N Islands,2006,Rail-Road Accidents,0,0,0,0,0,0,0,0,0
A & N Islands,2006,Other Railway Accidents,0,0,0,0,0,0,0,0,0
A & N Islands,2007,Road Accidents,2,5,20,30,30,27,31,7,152
A & N Islands,2007,Rail-Road Accidents,0,0,0,0,0,0,0,0,0
A & N Islands,2007,Other Railway Accidents,0,0,0,0,0,0,0,0,0
A & N Islands,2008,Road Accidents,3,7,33,24,40,31,40,13,191
A & N Islands,2008,Rail-Road Accidents,0,0,0,0,0,0,0,0,0
A & N Islands,2008,Other Railway Accidents,0,0,0,0,0,0,0,0,0
A & N Islands,2009,Road Accidents,2,6,35,41,64,54,50,19,271
A & N Islands,2009,Rail-Road Accidents,0,0,0,0,0,0,0,0,0
A & N Islands,2009,Other Railway Accidents,0,0,0,0,0,0,0,0,0
A & N Islands,2010,Road Accidents,2,10,36,45,64,57,53,18,285
A & N Islands,2010,Rail-Road Accidents,0,0,0,0,0,0,0,0,0
A & N Islands,2010,Other Railway Accidents,0,0,0,0,0,0,0,0,0
A & N Islands,2011,Road Accidents,4,3,36,27,46,50,51,18,235
A & N Islands,2011,Rail-Road Accidents,0,0,0,0,0,0,0,0,0
A & N Islands,2011,Other Railway Accidents,0,0,0,0,0,0,0,0,0
A & N Islands,2012,Road Accidents,4,6,26,29,54,45,58,14,236
A & N Islands,2012,Rail-Road Accidents,0,0,0,0,0,0,0,0,0
A & N Islands,2012,Other Railway Accidents,0,0,0,0,0,0,0,0,0
Chandigarh,2001,Road Accidents,15,10,41,81,81,90,94,81,493
Chandigarh,2001,Rail-Road Accidents,0,0,0,0,0,0,0,0,0
Chandigarh,2001,Other Railway Accidents,0,0,0,0,0,0,0,0,0
Chandigarh,2002,Road Accidents,40,49,54,63,68,74,89,57,494
Chandigarh,2002,Rail-Road Accidents,0,0,0,0,0,0,0,0,0
Chandigarh,2002,Other Railway Accidents,0,0,0,0,0,0,0,0,0
Chandigarh,2003,Road Accidents,17,10,35,54,63,85,111,68,443
Chandigarh,2003,Rail-Road Accidents,0,0,0,0,0,0,0,0,0
Chandigarh,2003,Other Railway Accidents,0,0,0,0,0,0,0,0,0
Chandigarh,2004,Road Accidents,20,4,27,65,80,72,72,71,411
Chandigarh,2004,Rail-Road Accidents,0,0,0,0,0,0,0,0,0
Chandigarh,2004,Other Railway Accidents,0,0,0,0,0,0,0,0,0
Chandigarh,2005,Road Accidents,23,15,30,70,88,95,117,90,528
Chandigarh,2005,Rail-Road Accidents,0,0,0,0,0,0,0,0,0
Chandigarh,2005,Other Railway Accidents,0,0,0,0,0,0,0,0,0
Chandigarh,2006,Road Accidents,28,8,35,58,93,83,114,102,521
Chandigarh,2006,Rail-Road Accidents,0,0,0,0,0,0,0,0,0
Chandigarh,2006,Other Railway Accidents,0,0,0,0,0,0,0,0,0
Chandigarh,2007,Road Accidents,29,9,39,77,80,75,122,105,536
Chandigarh,2007,Rail-Road Accidents,0,0,0,0,0,0,0,0,0
Chandigarh,2007,Other Railway Accidents,0,0,0,0,0,0,0,0,0
Chandigarh,2008,Road Accidents,27,15,35,50,76,68,108,98,477
Chandigarh,2008,Rail-Road Accidents,0,0,0,0,0,0,0,0,0
Chandigarh,2008,Other Railway Accidents,0,0,0,0,0,0,0,0,0
Chandigarh,2009,Road Accidents,29,15,43,54,56,53,91,83,424
Chandigarh,2009,Rail-Road Accidents,0,0,0,0,0,0,0,0,0
Chandigarh,2009,Other Railway Accidents,0,0,0,0,0,0,0,0,0
Chandigarh,2010,Road Accidents,17,19,45,62,57,78,94,84,456
Chandigarh,2010,Rail-Road Accidents,0,0,0,0,0,0,0,0,0
Chandigarh,2010,Other Railway Accidents,0,0,0,0,0,0,0,0,0
Chandigarh,2011,Road Accidents,33,47,27,52,47,38,109,88,441
Chandigarh,2011,Rail-Road Accidents,0,0,0,0,0,0,0,0,0
Chandigarh,2011,Other Railway Accidents,0,0,0,0,0,0,0,0,0
Chandigarh,2012,Road Accidents,22,7,36,49,60,62,94,82,412
Chandigarh,2012,Rail-Road Accidents,0,0,0,0,0,0,0,0,0
Chandigarh,2012,Other Railway Accidents,0,0,0,0,0,0,0,0,0
D & N Haveli,2001,Road Accidents,3,0,13,13,13,17,20,8,87
D & N Haveli,2001,Rail-Road Accidents,0,0,0,0,0,0,0,0,0
D & N Haveli,2001,Other Railway Accidents,0,0,0,0,0,0,0,0,0
D & N Haveli,2002,Road Accidents,1,2,11,11,7,17,19,12,80
D & N Haveli,2002,Rail-Road Accidents,0,0,0,0,0,0,0,0,0
D & N Haveli,2002,Other Railway Accidents,0,0,0,0,0,0,0,0,0
D & N Haveli,2003,Road Accidents,4,2,4,12,10,12,17,12,73
D & N Haveli,2003,Rail-Road Accidents,0,0,0,0,0,0,0,0,0
D & N Haveli,2003,Other Railway Accidents,0,0,0,0,0,0,0,0,0
D & N Haveli,2004,Road Accidents,7,8,7,15,19,22,22,11,111
D & N Haveli,2004,Rail-Road Accidents,0,0,0,0,0,0,0,0,0
D & N Haveli,2004,Other Railway Accidents,0,0,0,0,0,0,0,0,0
D & N Haveli,2005,Road Accidents,6,3,14,20,17,24,32,11,127
D & N Haveli,2005,Rail-Road Accidents,0,0,0,0,0,0,0,0,0
D & N Haveli,2005,Other Railway Accidents,0,0,0,0,0,0,0,0,0
D & N Haveli,2006,Road Accidents,2,6,8,10,17,18,28,14,103
D & N Haveli,2006,Rail-Road Accidents,0,0,0,0,0,0,0,0,0
D & N Haveli,2006,Other Railway Accidents,0,0,0,0,0,0,0,0,0
D & N Haveli,2007,Road Accidents,9,1,10,13,16,17,29,21,116
D & N Haveli,2007,Rail-Road Accidents,0,0,0,0,0,0,0,0,0
D & N Haveli,2007,Other Railway Accidents,0,0,0,0,0,0,0,0,0
D & N Haveli,2008,Road Accidents,2,2,7,17,15,20,30,23,116
D & N Haveli,2008,Rail-Road Accidents,0,0,0,0,0,0,0,0,0
D & N Haveli,2008,Other Railway Accidents,0,0,0,0,0,0,0,0,0
D & N Haveli,2009,Road Accidents,1,0,5,6,3,6,14,10,45
D & N Haveli,2009,Rail-Road Accidents,0,0,0,0,0,0,0,0,0
D & N Haveli,2009,Other Railway Accidents,0,0,0,0,0,0,0,0,0
D & N Haveli,2010,Road Accidents,2,0,11,8,11,13,21,13,79
D & N Haveli,2010,Rail-Road Accidents,0,0,0,0,0,0,0,0,0
D & N Haveli,2010,Other Railway Accidents,0,0,0,0,0,0,0,0,0
D & N Haveli,2011,Road Accidents,4,2,8,10,13,20,32,14,103
D & N Haveli,2011,Rail-Road Accidents,0,0,0,0,0,0,0,0,0
D & N Haveli,2011,Other Railway Accidents,0,0,0,0,0,0,0,0,0
D & N Haveli,2012,Road Accidents,3,1,9,9,11,18,21,13,85
D & N Haveli,2012,Rail-Road Accidents,0,0,0,0,0,0,0,0,0
D & N Haveli,2012,Other Railway Accidents,0,0,0,0,0,0,0,0,0
Daman & Diu,2001,Road Accidents,0,2,2,6,9,9,5,2,35
Daman & Diu,2001,Rail-Road Accidents,0,0,0,0,0,0,0,0,0
Daman & Diu,2001,Other Railway Accidents,0,0,0,0,0,0,0,0,0
Daman & Diu,2002,Road Accidents,7,6,7,8,7,10,13,10,68
Daman & Diu,2002,Rail-Road Accidents,0,0,0,0,0,0,0,0,0
Daman & Diu,2002,Other Railway Accidents,0,0,0,0,0,0,0,0,0
Daman & Diu,2003,Road Accidents,4,0,3,5,10,15,17,18,72
Daman & Diu,2003,Rail-Road Accidents,0,0,0,0,0,0,0,0,0
Daman & Diu,2003,Other Railway Accidents,0,0,0,0,0,0,0,0,0
Daman & Diu,2004,Road Accidents,5,0,4,7,6,9,10,6,47
Daman & Diu,2004,Rail-Road Accidents,0,0,0,0,0,0,0,0,0
Daman & Diu,2004,Other Railway Accidents,0,0,0,0,0,0,0,0,0
Daman & Diu,2005,Road Accidents,4,0,1,10,9,11,12,10,57
Daman & Diu,2005,Rail-Road Accidents,0,0,0,0,0,0,0,0,0
Daman & Diu,2005,Other Railway Accidents,0,0,0,0,0,0,0,0,0
Daman & Diu,2006,Road Accidents,3,1,5,7,10,12,7,12,57
Daman & Diu,2006,Rail-Road Accidents,0,0,0,0,0,0,0,0,0
Daman & Diu,2006,Other Railway Accidents,0,0,0,0,0,0,0,0,0
Daman & Diu,2007,Road Accidents,7,0,1,2,14,10,17,9,60
Daman & Diu,2007,Rail-Road Accidents,0,0,0,0,0,0,0,0,0
Daman & Diu,2007,Other Railway Accidents,0,0,0,0,0,0,0,0,0
Daman & Diu,2008,Road Accidents,4,1,3,6,6,9,11,10,50
Daman & Diu,2008,Rail-Road Accidents,0,0,0,0,0,0,0,0,0
Daman & Diu,2008,Other Railway Accidents,0,0,0,0,0,0,0,0,0
Daman & Diu,2009,Road Accidents,1,0,3,2,5,5,4,1,21
Daman & Diu,2009,Rail-Road Accidents,0,0,0,0,0,0,0,0,0
Daman & Diu,2009,Other Railway Accidents,0,0,0,0,0,0,0,0,0
Daman & Diu,2010,Road Accidents,1,1,1,4,5,8,8,8,36
Daman & Diu,2010,Rail-Road Accidents,0,0,0,0,0,0,0,0,0
Daman & Diu,2010,Other Railway Accidents,0,0,0,0,0,0,0,0,0
Daman & Diu,2011,Road Accidents,2,0,2,4,7,3,2,1,21
Daman & Diu,2011,Rail-Road Accidents,0,0,0,0,0,0,0,0,0
Daman & Diu,2011,Other Railway Accidents,0,0,0,0,0,0,0,0,0
Daman & Diu,2012,Road Accidents,1,1,4,4,9,11,13,7,50
Daman & Diu,2012,Rail-Road Accidents,0,0,0,0,0,0,0,0,0
Daman & Diu,2012,Other Railway Accidents,0,0,0,0,0,0,0,0,0
Delhi (Ut),2001,Road Accidents,998,762,1102,1176,1140,1189,1393,1522,9282
Delhi (Ut),2001,Rail-Road Accidents,0,0,0,0,1,4,2,0,7
Delhi (Ut),2001,Other Railway Accidents,59,100,116,103,102,115,197,82,874
Delhi (Ut),2002,Road Accidents,788,527,931,1132,1148,1200,1491,1493,8710
Delhi (Ut),2002,Rail-Road Accidents,0,0,2,1,1,1,2,0,7
Delhi (Ut),2002,Other Railway Accidents,39,98,197,151,85,71,100,77,818
Delhi (Ut),2003,Road Accidents,764,565,906,1091,1151,1248,1507,1637,8869
Delhi (Ut),2003,Rail-Road Accidents,1,0,0,0,1,0,0,1,3
Delhi (Ut),2003,Other Railway Accidents,55,102,134,88,89,114,144,81,807
Delhi (Ut),2004,Road Accidents,836,709,817,1189,1230,1206,1617,1506,9110
Delhi (Ut),2004,Rail-Road Accidents,1,0,1,0,0,1,4,0,7
Delhi (Ut),2004,Other Railway Accidents,29,72,137,116,94,100,136,77,761
Delhi (Ut),2005,Road Accidents,825,640,988,1250,1264,1387,1708,1518,9580
Delhi (Ut),2005,Rail-Road Accidents,0,0,0,0,0,0,0,0,0
Delhi (Ut),2005,Other Railway Accidents,37,94,155,122,75,112,133,79,807
Delhi (Ut),2006,Road Accidents,964,743,946,1270,1207,1328,1592,1649,9699
Delhi (Ut),2006,Rail-Road Accidents,0,1,0,0,0,0,0,0,1
Delhi (Ut),2006,Other Railway Accidents,43,97,137,143,117,116,147,124,924
Delhi (Ut),2007,Road Accidents,1183,902,1087,1296,1250,1434,1818,1558,10528
Delhi (Ut),2007,Rail-Road Accidents,0,0,0,0,0,1,1,0,2
Delhi (Ut),2007,Other Railway Accidents,77,81,136,131,113,122,150,95,905
Delhi (Ut),2008,Road Accidents,839,730,865,1003,1138,1255,1373,1363,8566
Delhi (Ut),2008,Rail-Road Accidents,0,0,0,1,0,0,0,0,1
Delhi (Ut),2008,Other Railway Accidents,76,73,193,170,134,195,161,97,1099
Delhi (Ut),2009,Road Accidents,644,574,886,944,1069,1066,1306,1125,7614
Delhi (Ut),2009,Rail-Road Accidents,0,0,0,0,0,0,0,3,3
Delhi (Ut),2009,Other Railway Accidents,57,82,228,194,146,180,293,151,1331
Delhi (Ut),2010,Road Accidents,597,502,778,905,928,998,1234,1278,7220
Delhi (Ut),2010,Rail-Road Accidents,0,0,2,1,0,0,0,0,3
Delhi (Ut),2010,Other Railway Accidents,110,145,256,219,182,248,192,140,1492
Delhi (Ut),2011,Road Accidents,607,535,794,936,963,1087,1100,1258,7280
Delhi (Ut),2011,Rail-Road Accidents,0,1,3,2,1,0,0,0,7
Delhi (Ut),2011,Other Railway Accidents,100,142,221,189,160,217,209,171,1409
Delhi (Ut),2012,Road Accidents,638,509,648,872,920,1039,1131,1180,6937
Delhi (Ut),2012,Rail-Road Accidents,0,0,0,0,1,0,0,0,1
Delhi (Ut),2012,Other Railway Accidents,61,150,188,200,127,160,240,132,1258
Lakshadweep,2001,Road Accidents,0,0,0,1,0,1,1,3,6
Lakshadweep,2001,Rail-Road Accidents,0,0,0,0,0,0,0,0,0
Lakshadweep,2001,Other Railway Accidents,0,0,0,0,0,0,0,0,0
Lakshadweep,2002,Road Accidents,0,0,0,0,0,0,0,0,0
Lakshadweep,2002,Rail-Road Accidents,0,0,0,0,0,0,0,0,0
Lakshadweep,2002,Other Railway Accidents,0,0,0,0,0,0,0,0,0
Lakshadweep,2003,Road Accidents,0,0,0,0,0,0,1,0,1
Lakshadweep,2003,Rail-Road Accidents,0,0,0,0,0,0,0,0,0
Lakshadweep,2003,Other Railway Accidents,0,0,0,0,0,0,0,0,0
Lakshadweep,2004,Road Accidents,0,0,0,0,1,0,1,0,2
Lakshadweep,2004,Rail-Road Accidents,0,0,0,0,0,0,0,0,0
Lakshadweep,2004,Other Railway Accidents,0,0,0,0,0,0,0,0,0
Lakshadweep,2005,Road Accidents,0,0,0,0,0,0,0,0,0
Lakshadweep,2005,Rail-Road Accidents,0,0,0,0,0,0,0,0,0
Lakshadweep,2005,Other Railway Accidents,0,0,0,0,0,0,0,0,0
Lakshadweep,2006,Road Accidents,0,0,0,0,0,0,1,0,1
Lakshadweep,2006,Rail-Road Accidents,0,0,0,0,0,0,0,0,0
Lakshadweep,2006,Other Railway Accidents,0,0,0,0,0,0,0,0,0
Lakshadweep,2007,Road Accidents,0,0,0,1,1,0,0,0,2
Lakshadweep,2007,Rail-Road Accidents,0,0,0,0,0,0,0,0,0
Lakshadweep,2007,Other Railway Accidents,0,0,0,0,0,0,0,0,0
Lakshadweep,2008,Road Accidents,0,0,0,0,0,0,0,0,0
Lakshadweep,2008,Rail-Road Accidents,0,0,0,0,0,0,0,0,0
Lakshadweep,2008,Other Railway Accidents,0,0,0,0,0,0,0,0,0
Lakshadweep,2009,Road Accidents,1,0,0,0,0,0,0,0,1
Lakshadweep,2009,Rail-Road Accidents,0,0,0,0,0,0,0,0,0
Lakshadweep,2009,Other Railway Accidents,0,0,0,0,0,0,0,0,0
Lakshadweep,2010,Road Accidents,0,0,0,0,0,0,0,0,0
Lakshadweep,2010,Rail-Road Accidents,0,0,0,0,0,0,0,0,0
Lakshadweep,2010,Other Railway Accidents,0,0,0,0,0,0,0,0,0
Lakshadweep,2011,Road Accidents,0,0,0,0,0,0,0,0,0
Lakshadweep,2011,Rail-Road Accidents,0,0,0,0,0,0,0,0,0
Lakshadweep,2011,Other Railway Accidents,0,0,0,0,0,0,0,0,0
Lakshadweep,2012,Road Accidents,0,0,0,0,0,0,0,0,0
Lakshadweep,2012,Rail-Road Accidents,0,0,0,0,0,0,0,0,0
Lakshadweep,2012,Other Railway Accidents,0,0,0,0,0,0,0,0,0
Puducherry,2001,Road Accidents,24,53,141,263,236,255,235,79,1286
Puducherry,2001,Rail-Road Accidents,0,0,0,0,0,0,0,0,0
Puducherry,2001,Other Railway Accidents,0,0,1,0,0,0,0,0,1
Puducherry,2002,Road Accidents,36,44,164,268,264,283,275,150,1484
Puducherry,2002,Rail-Road Accidents,0,0,0,0,0,0,0,0,0
Puducherry,2002,Other Railway Accidents,0,0,0,0,0,0,1,0,1
Puducherry,2003,Road Accidents,40,44,212,302,256,285,290,157,1586
Puducherry,2003,Rail-Road Accidents,0,0,0,0,0,0,0,0,0
Puducherry,2003,Other Railway Accidents,0,0,0,0,0,0,0,0,0
Puducherry,2004,Road Accidents,48,53,206,263,277,309,325,152,1633
Puducherry,2004,Rail-Road Accidents,0,0,0,0,0,0,0,0,0
Puducherry,2004,Other Railway Accidents,0,0,0,0,0,0,0,0,0
Puducherry,2005,Road Accidents,57,81,234,271,284,302,390,161,1780
Puducherry,2005,Rail-Road Accidents,0,0,0,0,0,0,0,0,0
Puducherry,2005,Other Railway Accidents,2,1,0,0,0,0,0,1,4
Puducherry,2006,Road Accidents,31,18,146,331,312,285,314,202,1639
Puducherry,2006,Rail-Road Accidents,0,0,0,0,0,0,0,0,0
Puducherry,2006,Other Railway Accidents,1,1,1,1,0,0,2,0,6
Puducherry,2007,Road Accidents,51,72,250,312,262,301,355,141,1744
Puducherry,2007,Rail-Road Accidents,0,0,0,0,0,0,0,0,0
Puducherry,2007,Other Railway Accidents,1,1,0,2,2,0,0,0,6
Puducherry,2008,Road Accidents,53,49,189,266,270,287,360,224,1698
Puducherry,2008,Rail-Road Accidents,0,0,0,0,0,0,0,0,0
Puducherry,2008,Other Railway Accidents,0,0,0,0,0,0,0,0,0
Puducherry,2009,Road Accidents,41,48,232,264,257,295,340,221,1698
Puducherry,2009,Rail-Road Accidents,0,0,0,0,0,0,0,0,0
Puducherry,2009,Other Railway Accidents,0,1,1,1,1,0,0,1,5
Puducherry,2010,Road Accidents,43,61,155,251,238,272,319,190,1529
Puducherry,2010,Rail-Road Accidents,0,0,0,0,0,0,0,0,0
Puducherry,2010,Other Railway Accidents,0,1,1,1,2,0,1,0,6
Puducherry,2011,Road Accidents,38,66,174,234,246,285,307,130,1480
Puducherry,2011,Rail-Road Accidents,0,0,0,0,0,0,0,0,0
Puducherry,2011,Other Railway Accidents,0,0,1,0,4,0,0,1,6
Puducherry,2012,Road Accidents,35,66,209,276,202,229,319,174,1510
Puducherry,2012,Rail-Road Accidents,0,0,0,0,0,0,0,0,0
Puducherry,2012,Other Railway Accidents,0,1,1,1,0,1,0,3,7
Andhra Pradesh,2013,Road Accidents,3742,4679,4857,5539,5430,6171,7269,5361,43048
Andhra Pradesh,2013,Rail-Road Accidents,0,1,0,0,1,0,0,0,2
Andhra Pradesh,2013,Other Railway Accidents,165,276,815,497,313,342,178,156,2742
Arunachal Pradesh,2013,Road Accidents,4,16,27,56,61,76,51,17,308
Arunachal Pradesh,2013,Rail-Road Accidents,0,0,0,0,0,0,0,0,0
Arunachal Pradesh,2013,Other Railway Accidents,0,0,0,0,0,0,0,0,0
Assam,2013,Road Accidents,181,283,1078,1501,1356,1315,942,555,7211
Assam,2013,Rail-Road Accidents,1,5,4,1,2,0,1,0,14
Assam,2013,Other Railway Accidents,17,39,78,83,69,73,58,33,450
Bihar,2013,Road Accidents,640,1622,1555,1500,1369,1455,1337,720,10198
Bihar,2013,Rail-Road Accidents,0,3,3,3,3,3,2,0,17
Bihar,2013,Other Railway Accidents,283,181,262,237,276,155,212,182,1788
Chhattisgarh,2013,Road Accidents,1261,1477,1691,1863,1889,2035,1993,1448,13657
Chhattisgarh,2013,Rail-Road Accidents,2,1,3,5,3,4,4,3,25
Chhattisgarh,2013,Other Railway Accidents,39,56,101,104,91,73,74,57,595
Goa,2013,Road Accidents,226,175,374,703,785,819,753,458,4293
Goa,2013,Rail-Road Accidents,0,0,0,0,0,0,0,0,0
Goa,2013,Other Railway Accidents,1,3,10,8,3,6,7,3,41
Gujarat,2013,Road Accidents,1747,2023,2910,3836,3681,4003,4134,2701,25035
Gujarat,2013,Rail-Road Accidents,5,11,10,12,8,9,13,5,73
Gujarat,2013,Other Railway Accidents,113,97,181,177,141,158,188,157,1212
Haryana,2013,Road Accidents,651,957,1423,1485,1474,1546,1714,1223,10473
Haryana,2013,Rail-Road Accidents,1,1,0,1,3,1,2,2,11
Haryana,2013,Other Railway Accidents,92,210,222,94,118,179,215,201,1331
Himachal Pradesh,2013,Road Accidents,100,116,353,502,489,547,548,326,2981
Himachal Pradesh,2013,Rail-Road Accidents,0,0,0,0,0,0,0,0,0
Himachal Pradesh,2013,Other Railway Accidents,0,0,1,2,5,5,4,3,20
Jammu & Kashmir,2013,Road Accidents,296,352,612,1109,1371,1275,886,554,6455
Jammu & Kashmir,2013,Rail-Road Accidents,1,2,11,13,10,7,4,3,51
Jammu & Kashmir,2013,Other Railway Accidents,0,0,4,1,1,1,0,0,7
Jharkhand,2013,Road Accidents,645,642,649,640,649,644,644,648,5161
Jharkhand,2013,Rail-Road Accidents,0,1,1,0,1,2,1,1,7
Jharkhand,2013,Other Railway Accidents,61,63,65,59,66,60,62,57,493
Karnataka,2013,Road Accidents,3318,3174,4126,6104,5836,6201,6526,4306,39591
Karnataka,2013,Rail-Road Accidents,3,4,6,2,4,2,1,1,23
Karnataka,2013,Other Railway Accidents,128,131,140,151,205,151,172,183,1261
Kerala,2013,Road Accidents,620,1341,5378,6329,6210,7706,6207,1424,35215
Kerala,2013,Rail-Road Accidents,2,6,8,5,7,10,6,3,47
Kerala,2013,Other Railway Accidents,41,57,62,44,60,58,55,50,427
Madhya Pradesh,2013,Road Accidents,1747,2126,3874,6025,5688,5991,5282,3301,34034
Madhya Pradesh,2013,Rail-Road Accidents,11,12,19,23,16,15,16,11,123
Madhya Pradesh,2013,Other Railway Accidents,186,199,303,260,223,211,194,145,1721
Maharashtra,2013,Road Accidents,3647,3649,4822,5901,6211,6727,7368,5538,43863
Maharashtra,2013,Rail-Road Accidents,3,4,3,7,4,5,8,5,39
Maharashtra,2013,Other Railway Accidents,553,432,1197,1326,1075,1124,1276,1182,8165
Manipur,2013,Road Accidents,7,13,64,102,190,142,124,29,671
Manipur,2013,Rail-Road Accidents,0,0,0,0,0,0,0,0,0
Manipur,2013,Other Railway Accidents,0,0,0,0,0,0,0,0,0
Meghalaya,2013,Road Accidents,7,17,21,23,29,28,38,31,194
Meghalaya,2013,Rail-Road Accidents,0,0,0,0,0,0,0,0,0
Meghalaya,2013,Other Railway Accidents,0,0,0,0,0,0,0,0,0
Mizoram,2013,Road Accidents,4,5,9,17,16,26,20,17,114
Mizoram,2013,Rail-Road Accidents,0,0,0,0,0,0,0,0,0
Mizoram,2013,Other Railway Accidents,0,0,0,0,0,0,0,0,0
Nagaland,2013,Road Accidents,0,2,5,7,10,5,6,4,39
Nagaland,2013,Rail-Road Accidents,0,0,0,0,0,0,0,0,0
Nagaland,2013,Other Railway Accidents,0,0,0,1,0,0,4,0,5
Odisha,2013,Road Accidents,780,1029,1100,1452,1188,1520,1518,1093,9680
Odisha,2013,Rail-Road Accidents,28,32,19,22,17,23,20,26,187
Odisha,2013,Other Railway Accidents,18,27,27,37,34,43,41,18,245
Punjab,2013,Road Accidents,368,575,722,840,816,980,1309,713,6323
Punjab,2013,Rail-Road Accidents,0,1,2,0,2,1,0,0,6
Punjab,2013,Other Railway Accidents,38,65,191,172,134,140,136,91,967
Rajasthan,2013,Road Accidents,1061,1519,2638,3867,3863,4281,4143,2214,23586
Rajasthan,2013,Rail-Road Accidents,4,9,8,4,4,8,3,1,41
Rajasthan,2013,Other Railway Accidents,19,24,49,43,48,34,47,36,300
Sikkim,2013,Road Accidents,5,9,21,29,77,62,38,3,244
Sikkim,2013,Rail-Road Accidents,0,0,0,0,0,0,0,0,0
Sikkim,2013,Other Railway Accidents,0,0,0,0,0,0,0,0,0
Tamil Nadu,2013,Road Accidents,2796,4047,7503,9515,10014,11761,13330,7272,66238
Tamil Nadu,2013,Rail-Road Accidents,0,0,0,0,0,0,0,0,0
Tamil Nadu,2013,Other Railway Accidents,93,115,395,462,290,230,220,173,1978
Tripura,2013,Road Accidents,20,22,92,174,122,176,151,61,818
Tripura,2013,Rail-Road Accidents,0,0,0,0,0,0,0,0,0
Tripura,2013,Other Railway Accidents,0,0,0,0,0,0,0,0,0
Uttar Pradesh,2013,Road Accidents,2134,2796,3604,3861,3469,3674,3883,2554,25975
Uttar Pradesh,2013,Rail-Road Accidents,79,108,123,96,76,86,83,50,701
Uttar Pradesh,2013,Other Railway Accidents,387,459,432,453,373,312,514,411,3341
Uttarakhand,2013,Road Accidents,39,67,191,222,191,230,235,122,1297
Uttarakhand,2013,Rail-Road Accidents,0,0,0,0,0,0,0,0,0
Uttarakhand,2013,Other Railway Accidents,10,11,20,4,6,4,8,4,67
West Bengal,2013,Road Accidents,1442,1911,2136,2900,2246,2366,2137,1411,16549
West Bengal,2013,Rail-Road Accidents,2,2,5,3,2,3,1,3,21
West Bengal,2013,Other Railway Accidents,102,357,426,414,309,372,558,246,2784
A & N Islands,2013,Road Accidents,2,3,22,31,40,40,37,25,200
A & N Islands,2013,Rail-Road Accidents,0,0,0,0,0,0,0,0,0
A & N Islands,2013,Other Railway Accidents,0,0,0,0,0,0,0,0,0
Chandigarh,2013,Road Accidents,41,16,26,40,59,65,87,75,409
Chandigarh,2013,Rail-Road Accidents,0,0,0,0,0,0,0,0,0
Chandigarh,2013,Other Railway Accidents,0,0,0,0,0,0,0,0,0
D & N Haveli,2013,Road Accidents,3,2,7,12,20,19,19,9,91
D & N Haveli,2013,Rail-Road Accidents,0,0,0,0,0,0,0,0,0
D & N Haveli,2013,Other Railway Accidents,0,0,0,0,0,0,0,0,0
Daman & Diu,2013,Road Accidents,3,0,1,4,4,7,5,6,30
Daman & Diu,2013,Rail-Road Accidents,0,0,0,0,0,0,0,0,0
Daman & Diu,2013,Other Railway Accidents,0,0,0,0,0,0,0,0,0
Delhi (Ut),2013,Road Accidents,764,662,718,828,896,981,1341,1379,7569
Delhi (Ut),2013,Rail-Road Accidents,0,0,0,0,0,0,0,0,0
Delhi (Ut),2013,Other Railway Accidents,86,111,211,204,164,192,181,136,1285
Lakshadweep,2013,Road Accidents,0,0,0,0,0,0,0,0,0
Lakshadweep,2013,Rail-Road Accidents,0,0,0,0,0,0,0,0,0
Lakshadweep,2013,Other Railway Accidents,0,0,0,0,0,0,0,0,0
Puducherry,2013,Road Accidents,31,58,162,207,225,267,336,165,1451
Puducherry,2013,Rail-Road Accidents,0,0,0,0,0,0,0,0,0
Puducherry,2013,Other Railway Accidents,0,1,1,3,1,4,1,0,11
Andhra Pradesh,2014,Road Accidents,1751,2084,2428,3241,3487,3673,3693,2797,23154
Andhra Pradesh,2014,Railway Accident,61,51,347,466,202,181,92,66,1466
Andhra Pradesh,2014,Railway Crossing,0,1,0,0,0,0,1,1,3
Arunachal Pradesh,2014,Road Accidents,6,5,13,24,26,45,36,30,185
Arunachal Pradesh,2014,Railway Accident,0,0,0,0,0,0,0,0,0
Arunachal Pradesh,2014,Railway Crossing,0,0,0,0,0,0,0,0,0
Assam,2014,Road Accidents,212,277,939,1475,1225,1438,1023,555,7144
Assam,2014,Railway Accident,89,92,78,61,65,77,120,88,670
Assam,2014,Railway Crossing,1,6,0,1,0,0,3,0,11
Bihar,2014,Road Accidents,672,987,1429,1429,1460,1421,1262,871,9531
Bihar,2014,Railway Accident,11,26,131,115,105,88,71,54,601
Bihar,2014,Railway Crossing,1,5,181,96,35,20,62,81,481
Chhattisgarh,2014,Road Accidents,648,849,1469,1916,1702,2102,2072,1382,12140
Chhattisgarh,2014,Railway Accident,53,82,108,101,83,74,74,62,637
Chhattisgarh,2014,Railway Crossing,0,10,6,6,1,2,2,0,27
Goa,2014,Road Accidents,189,173,371,712,752,791,785,457,4230
Goa,2014,Railway Accident,3,4,6,6,2,3,2,1,27
Goa,2014,Railway Crossing,1,0,2,1,2,0,0,1,7
Gujarat,2014,Road Accidents,1232,1541,2496,3595,3328,3735,3791,2434,22152
Gujarat,2014,Railway Accident,88,93,171,182,131,147,199,142,1153
Gujarat,2014,Railway Crossing,0,3,4,6,6,2,4,2,27
Haryana,2014,Road Accidents,726,868,1459,1646,1493,1740,1887,1224,11043
Haryana,2014,Railway Accident,128,142,137,133,193,136,253,239,1361
Haryana,2014,Railway Crossing,2,0,1,2,3,1,2,2,13
Himachal Pradesh,2014,Road Accidents,199,183,418,517,517,603,558,330,3325
Himachal Pradesh,2014,Railway Accident,0,0,0,0,0,0,0,0,0
Himachal Pradesh,2014,Railway Crossing,0,0,0,0,0,0,0,0,0
Jammu & Kashmir,2014,Road Accidents,168,442,693,928,1195,1126,833,393,5778
Jammu & Kashmir,2014,Railway Accident,2,4,7,8,8,9,6,8,52
Jammu & Kashmir,2014,Railway Crossing,0,0,0,0,0,0,0,0,0
Jharkhand,2014,Road Accidents,247,592,703,749,670,847,678,419,4905
Jharkhand,2014,Railway Accident,44,57,50,51,34,24,52,43,355
Jharkhand,2014,Railway Crossing,27,20,0,0,0,0,3,4,54
Karnataka,2014,Road Accidents,3022,3219,4576,6393,6646,7119,7377,5342,43694
Karnataka,2014,Railway Accident,2,5,6,4,4,3,7,5,36
Karnataka,2014,Railway Crossing,0,0,0,0,0,0,0,0,0
Kerala,2014,Road Accidents,759,1232,4145,6709,6057,8172,6114,2684,35872
Kerala,2014,Railway Accident,40,68,71,32,35,44,44,34,368
Kerala,2014,Railway Crossing,5,4,4,5,3,11,8,4,44
Madhya Pradesh,2014,Road Accidents,1925,2384,5370,7106,7337,7030,5791,2755,39698
Madhya Pradesh,2014,Railway Accident,165,218,310,301,282,234,251,165,1926
Madhya Pradesh,2014,Railway Crossing,2,4,22,16,37,14,15,13,123
Maharashtra,2014,Road Accidents,3376,3330,4853,6430,6522,7126,7421,5324,44382
Maharashtra,2014,Railway Accident,569,436,1187,1381,1061,1081,1216,1038,7969
Maharashtra,2014,Railway Crossing,4,4,5,0,1,2,1,1,18
Manipur,2014,Road Accidents,7,8,47,162,148,173,141,49,735
Manipur,2014,Railway Accident,0,0,0,0,0,0,0,0,0
Manipur,2014,Railway Crossing,0,0,0,0,0,0,0,0,0
Meghalaya,2014,Road Accidents,10,19,30,45,59,55,50,33,301
Meghalaya,2014,Railway Accident,0,0,0,0,0,0,0,0,0
Meghalaya,2014,Railway Crossing,0,0,0,0,0,0,0,0,0
Mizoram,2014,Road Accidents,5,12,11,9,11,20,15,12,95
Mizoram,2014,Railway Accident,0,0,0,0,0,0,0,0,0
Mizoram,2014,Railway Crossing,0,0,0,0,0,0,0,0,0
Nagaland,2014,Road Accidents,0,2,3,3,8,6,5,1,28
Nagaland,2014,Railway Accident,0,2,1,2,3,0,0,3,11
Nagaland,2014,Railway Crossing,0,0,0,0,0,0,0,0,0
Odisha,2014,Road Accidents,661,880,1099,1413,1283,1651,1564,1089,9640
Odisha,2014,Railway Accident,19,28,42,32,33,37,30,25,246
Odisha,2014,Railway Crossing,1,16,36,20,21,12,17,5,128
Punjab,2014,Road Accidents,387,392,683,842,943,998,1380,766,6391
Punjab,2014,Railway Accident,65,116,265,175,113,110,122,81,1047
Punjab,2014,Railway Crossing,1,0,0,1,0,1,1,0,4
Rajasthan,2014,Road Accidents,1128,1428,2622,3706,4234,4841,4215,2465,24639
Rajasthan,2014,Railway Accident,46,64,153,124,80,84,115,68,734
Rajasthan,2014,Railway Crossing,0,2,5,5,2,6,3,1,24
Sikkim,2014,Road Accidents,6,8,15,17,12,27,29,16,130
Sikkim,2014,Railway Accident,0,0,0,0,0,0,0,0,0
Sikkim,2014,Railway Crossing,0,0,0,0,0,0,0,0,0
Tamil Nadu,2014,Road Accidents,2685,4057,7973,9593,9955,11902,13927,7158,67250
Tamil Nadu,2014,Railway Accident,108,117,444,355,256,217,197,151,1845
Tamil Nadu,2014,Railway Crossing,0,0,0,0,0,0,0,0,0
Telangana,2014,Road Accidents,1585,2382,1884,2390,2395,2996,3484,2962,20078
Telangana,2014,Railway Accident,0,2,0,0,0,1,0,0,3
Telangana,2014,Railway Crossing,43,123,213,278,127,147,63,67,1061
Tripura,2014,Road Accidents,15,21,53,199,123,161,96,48,716
Tripura,2014,Railway Accident,0,0,0,0,0,0,0,0,0
Tripura,2014,Railway Crossing,0,0,0,0,0,0,0,0,0
Uttar Pradesh,2014,Road Accidents,2106,2824,3376,3547,3522,3929,4099,2661,26064
Uttar Pradesh,2014,Railway Accident,432,607,663,577,451,392,477,407,4006
Uttar Pradesh,2014,Railway Crossing,46,43,69,56,30,28,47,40,359
Uttarakhand,2014,Road Accidents,61,81,95,122,117,137,113,75,801
Uttarakhand,2014,Railway Accident,2,10,9,1,4,3,3,3,35
Uttarakhand,2014,Railway Crossing,2,5,5,1,2,1,2,2,20
West Bengal,2014,Road Accidents,1455,1634,2022,2998,2570,2458,2132,1836,17105
West Bengal,2014,Railway Accident,56,218,614,555,249,451,591,161,2895
West Bengal,2014,Railway Crossing,1,5,31,11,10,16,44,13,131
A & N Islands,2014,Road Accidents,4,6,25,28,55,36,41,23,218
A & N Islands,2014,Railway Accident,0,0,0,0,0,0,0,0,0
A & N Islands,2014,Railway Crossing,0,0,0,0,0,0,0,0,0
Chandigarh,2014,Road Accidents,32,29,42,51,41,56,66,49,366
Chandigarh,2014,Railway Accident,0,0,0,0,0,0,0,0,0
Chandigarh,2014,Railway Crossing,0,0,0,0,0,0,0,0,0
D & N Haveli,2014,Road Accidents,1,1,8,7,13,22,27,8,87
D & N Haveli,2014,Railway Accident,0,0,0,0,0,0,0,0,0
D & N Haveli,2014,Railway Crossing,0,0,0,0,0,0,0,0,0
Daman & Diu,2014,Road Accidents,3,0,4,6,5,7,12,2,39
Daman & Diu,2014,Railway Accident,0,0,0,0,0,0,0,0,0
Daman & Diu,2014,Railway Crossing,0,0,0,0,0,0,0,0,0
Delhi (Ut),2014,Road Accidents,757,581,867,925,909,1208,1502,1561,8310
Delhi (Ut),2014,Railway Accident,55,75,165,144,114,126,131,104,914
Delhi (Ut),2014,Railway Crossing,0,2,2,1,1,2,1,2,11
Lakshadweep,2014,Road Accidents,0,0,0,0,1,0,0,0,1
Lakshadweep,2014,Railway Accident,0,0,0,0,0,0,0,0,0
Lakshadweep,2014,Railway Crossing,0,0,0,0,0,0,0,0,0
Puducherry,2014,Road Accidents,28,23,58,109,97,179,115,62,671
Puducherry,2014,Railway Accident,1,0,1,1,0,0,0,0,3
Puducherry,2014,Railway Crossing,0,0,1,0,0,0,0,0,1
